source,target,prediction
ank,अंक,आंक
anka,अंक,आंका
ankit,अंकित,अनकित
anakon,अंकों,आनकों
ankhon,अंकों,आंखों
ankon,अंकों,आंकों
angkor,अंकोर,अंगकूर
ankor,अंकोर,एंकर
angaarak,अंगारक,अंगारक
angarak,अंगारक,अंगरक
angraji,अंग्रज़ी,अंगराजी
angreji,अंग्रज़ी,अंग्रेजी
angrzi,अंग्रज़ी,अंग्रजी
antah,अंतः,अंठा
antaha,अंतः,अंठा
antarmukh,अंतर्मुख,अंतरमूख
antmurkh,अंतर्मुख,अंतरमूख
antrmukh,अंतर्मुख,अंतरमुख
andrabee,अंद्राबी,अंद्रबी
andrabi,अंद्राबी,अंदराबी
andha,अंधा,अंधा
andhapan,अंधापन,अंधापन
andheri,अंधेरी,अंधेरी
ambaani,अंबानी,अंबानी
ambani,अंबानी,अंबानी
akram,अकरम,अक्रम
acapulco,अकापुल्को,अकैपुलक
akapulko,अकापुल्को,अकापुलकों
akhand,अखंड,अखांड
akhil,अखिल,अखिल
agavai,अगवाई,अगवाई
agvaai,अगवाई,अगवाई
augustine,अगस्टाइन,अगुस्टिन
augustustine,अगस्टाइन,अगसस्ट्यून
agsta,अगस्ता,अस्ता
agusta,अगस्ता,अगस्ता
augusta,अगस्ता,अगुस्ता
agr,अग्र,अग्र
agra,अग्र,अग्र
achambha,अचंभा,अचाभा
achanbha,अचंभा,अचंभा
achievement,अचीवमेंट,अचिवेमेंट
achivement,अचीवमेंट,अचिवेमेंट
acchi,अच्छी,अच्छी
achchi,अच्छी,अच्छी
achhi,अच्छी,अछी
achyut,अच्युत,अच्युत
achhanera,अछनेरा,अछानेरा
achnera,अछनेरा,अचनेरा
ajmeedh,अजमीढ़,अजमीध
ajhar,अजहर,अजार
azhar,अजहर,आझार
ajit,अजित,अजित
agnat,अज्ञात,अग्नत
agyaat,अज्ञात,अज्ञात
agyat,अज्ञात,अज्ञात
atakta,अटकता,अटकता
atkata,अटकता,अटकता
atake,अटके,अटके
atke,अटके,अटके
atwaal,अटवाल,अतवाल
atwal,अटवाल,अतवाल
attahasa,अट्टहास,अत्थासा
atthaas,अट्टहास,अत्थास
atthas,अट्टहास,अत्थास
addon,अड्डों,अद्दों
athak,अथक,अथक
atharv,अथर्व,अथर्व
atharva,अथर्व,अथरवा
adad,अदद,अदाद
adaani,अदाणी,अदानी
adani,अदाणी,अदानी
advait,अद्वैत,अदववित
adwait,अद्वैत,अदवात
advaitvaad,अद्वैतवाद,अडववितवाद
advaitwad,अद्वैतवाद,अडववितवाद
adhivas,अधिवास,अधिवास
adhiwas,अधिवास,अधिवास
advivas,अधिवास,अडविवास
adhiik,अधीक,अधिक
adhik,अधीक,अधिक
adhyayanarat,अध्ययनरत,अध्ययनारत
adhyayanrat,अध्ययनरत,अध्यायंत्र
adhyaynrat,अध्ययनरत,अध्ययंत्र
anant,अनंत,अनांत
ananti,अनंती,अनाती
angadh,अनगढ़,अंगढ़
angarh,अनगढ़,अंगढ़
anchahe,अनचाहे,अंचाहे
anthak,अनथक,अंठक
unthak,अनथक,उंठक
anhoni,अनहोनी,अन्होनी
anaavashyak,अनावश्यक,अनावाश्यक
anavashyak,अनावश्यक,अनावश्यक
anavshyak,अनावश्यक,अनावश्यक
anawashyak,अनावश्यक,अनावश्यक
anik,अनिक,अनिक
anishwarvadi,अनीश्वरवादी,अनिश्वरवादी
anishwarwadi,अनीश्वरवादी,अनिश्वरवादी
anukoltha,अनुकूलता,अनुकोलता
anukulata,अनुकूलता,अनुकुलता
anukulta,अनुकूलता,अनुकुलता
anuchit,अनुचित,अनुचित
anuprayogi,अनुप्रयोगों,अनुप्रयोगी
anuprayogon,अनुप्रयोगों,अनुप्रयागों
anupryogon,अनुप्रयोगों,अनुप्रयोगों
anureet,अनुरीत,अनुरीत
anurit,अनुरीत,अनुरित
anuthi,अनूठी,अनुथि
anudit,अनूदित,अनुदित
anyaay,अन्याय,अन्याय
anyay,अन्याय,अन्याय
anyaya,अन्याय,अन्याय
apnani,अपनानी,अपनानी
aparivartanshali,अपरिवर्तनशील,अपरिवर्तनाली
aparivartansheel,अपरिवर्तनशील,अपरिवर्थाली
aparivartanshil,अपरिवर्तनशील,अपरिवर्तनशील
apariharya,अपरिहार्य,अपरिहर्य
aprihary,अपरिहार्य,अपरिहर्य
apriyary,अपरिहार्य,अपरियरी
apavartit,अपवर्तित,अपवरातित
apvartit,अपवर्तित,अवार्टित
apvtrit,अपवर्तित,अप्वतृत
apaardarshi,अपारदर्शी,अपारदर्शी
apardarshi,अपारदर्शी,अपरदर्शी
afroj,अफरोज,अफ्रोज
afroz,अफरोज,अफ्रोज
africa,अफ्रीका,अफ्रिका
abbaasi,अब्बासी,अब्ासी
abbasi,अब्बासी,अब्बासी
abhimat,अभिमत,अभिमत
abhishap,अभिशाप,अभिषाप
abhi,अभी,अभी
amjhera,अमझेरा,अमझेरा
amzera,अमझेरा,अमजेरा
amargad,अमरगढ़,अमरगद
amargarh,अमरगढ़,अमरगढ़
amarpaal,अमरपाल,अमरपाल
amarpal,अमरपाल,अमरपाल
amarohi,अमरोही,अमरोही
amrohi,अमरोही,अमरोही
amaanat,अमानत,अमानत
amanat,अमानत,अमानत
amanth,अमानत,अमांथ
amaanati,अमानती,अमानती
amanathi,अमानती,अमानथी
amanati,अमानती,अमानती
amavasya,अमावस्या,अमावस्य
amavsya,अमावस्या,अमाव्य
amit,अमित,अमित
amitao,अमिताव,अमिताओं
amitav,अमिताव,अमितव
amuk,अमुक,अमुक
amogh,अमोघ,अमोघ
ambani,अम्बानी,अंबानी
ayodhyaanaath,अयोध्यानाथ,अयोद्यनाथ
ayodhyanaath,अयोध्यानाथ,अयोद्यनाथ
ayodhyanath,अयोध्यानाथ,अयोद्यनाथ
ayodhyeanath,अयोध्यानाथ,अयोद्यनाथ
aradas,अरदास,अरदास
ardaas,अरदास,अरदास
ardas,अरदास,अरदास
arabab,अरबाब,अरबब
arbab,अरबाब,अरबब
around,अराउंड,अरौंड
arjent,अर्जेंट,अर्जेंट
urgent,अर्जेंट,अर्जेंट
arth,अर्थ,अर्थ
artha,अर्थ,अर्था
earth,अर्थ,इर्थ
earthquake,अर्थक्वेक,इर्थकास
arthon,अर्थों,अर्थों
arpit,अर्पित,अरिपट
aryama,अर्यमा,आर्यामा
aryma,अर्यमा,आर्यम
arymaa,अर्यमा,आर्यमा
alankaar,अलंकार,अलंकार
alankar,अलंकार,अलंकर
alnkaar,अलंकार,अलंकार
alankaaron,अलंकारों,अलंकारों
alankaron,अलंकारों,अलंकरों
alnkaaron,अलंकारों,अलंकारों
alnkaron,अलंकारों,अलंकरों
alagavavadi,अलगाववादी,अलगवादी
algavvadi,अलगाववादी,अलगववादी
algavwaadi,अलगाववादी,अलगववादी
alive,अलाइव,अलिवे
alance,अलायंस,एलांस
alayans,अलायंस,अलायंस
aliance,अलायंस,एलाइंस
alind,अलिंद,अलिंद
alai,अली,अलाई
ali,अली,अली
alii,अली,अली
alonso,अलोंसो,अलोंसो
aloso,अलोंसो,अलोसो
alphabet,अल्फ़ाबेट,अल्फाइट
alba,अल्बा,अल्बा
avantipur,अवंतिपुर,अवंतीपुर
awantipora,अवंतिपुर,अवंतीपुरा
avaru,अवरु,अवरू
avru,अवरु,अवरू
awaru,अवरु,अवरू
avarodhak,अवरोधक,अवरोधक
avrodhak,अवरोधक,अवरोधक
avrodhk,अवरोधक,अवरोधक
avarnata,अवर्णता,अवर्नता
avarnataa,अवर्णता,अवर्नता
avranta,अवर्णता,अवरंता
avashist,अवशिष्ट,अवशिस्त
avshisht,अवशिष्ट,अवशिष्ट
awashist,अवशिष्ट,अवशिस्त
avasthaayen,अवस्थाएं,अवस्थाएं
avsthaen,अवस्थाएं,अवस्थाएं
avsthayen,अवस्थाएं,अवस्थाएं
awasthaen,अवस्थाएं,अवस्थाएं
avi,अवि,अवी
avika,अविका,अविका
aviral,अविरल,अविराल
avirl,अविरल,अविरल
avishvaasniy,अविश्वसनीय,अविश्वासीय
avishvasniy,अविश्वसनीय,अविश्वासीय
avishvasniya,अविश्वसनीय,अविश्वस्याई
avisvasniya,अविश्वसनीय,अविस्वस्नीय
aviva,अवीवा,अविवा
avaigyanic,अवैज्ञानिक,अवैज्ञानिक
avaigyanik,अवैज्ञानिक,अवैज्ञानिक
avegyanik,अवैज्ञानिक,अवेज्ञानिक
ashaktataa,अशक्तता,अशकतता
ashktta,अशक्तता,अश्कतता
asharaphi,अशरफी,अशारही
ashrafi,अशरफी,अश्राफी
ashariri,अशरीरी,अशरीरी
ashriri,अशरीरी,अशरीरी
ashrvatath,अश्वत्थ,अश्वरथाथ
ashvtth,अश्वत्थ,अश्वत्थ
asamaany,असमान्य,असमान्य
asamany,असमान्य,असामान्य
asmanye,असमान्य,असमान्य
asaamnjsy,असामंजस्य,असामंज्य
asamanjasy,असामंजस्य,असममाज्य
asamanjasya,असामंजस्य,असमंजस्य
asurakshit,असुरक्षित,असुरक्षित
asurkshit,असुरक्षित,असुरक्षित
aset,असेट,असेट
asset,असेट,असेट
asvabhavik,अस्वभाविक,अस्वाभाविक
aswabhavik,अस्वभाविक,अस्वाभाविक
aswbhavik,अस्वभाविक,अस्वभाविक
ahirauli,अहिरौली,अहिरौली
item,आइटम,इटीम
items,आइटम्स,इटीम्स
idle,आइडल,आईडल
idol,आइडल,आईडल
icc,आइसीसी,आईसीसी
iso,आइसो,इसो
ipc,आईपीसी,आईपीसी
ipad,आईपैड,आईपडी
iris,आईरिस,आरिज
ounce,आउंस,आंस
aakaash,आकाश,आकाश
aakash,आकाश,आकाश
aake,आके,आके
aakhet,आखेट,आखेत
akhet,आखेट,अखेत
aagat,आगत,आगत
aagaman,आगमन,आगमन
aagman,आगमन,आगमान
aagaa,आग़ा,आगा
aagah,आग़ा,आगाह
agha,आग़ा,आघा
aagaashe,आगाशे,आगाशे
aagashe,आगाशे,आग्शे
agashe,आगाशे,अग्शे
aajmaanaa,आजमाना,आजमाना
aajmana,आजमाना,आजमाना
aazmaanaa,आजमाना,आजमाना
aata,आटा,आता
ata,आटा,अता
atta,आटा,अत्ता
aatmayen,आत्माएं,आत्माएं
atmaen,आत्माएं,अत्माएं
aadaan,आदान,आदान
aadan,आदान,आदन
aadhaarit,आधारित,आधारित
aadharit,आधारित,आधारित
adharit,आधारित,अधारित
aadheen,आधीन,आधीन
aadhin,आधीन,आधीन
aadhunik,आधुनिक,आधुनिक
aanad,आनद,आनद
aanand,आनद,आनंद
anand,आनद,अनंद
aapka,आपका,आपका
aapkaa,आपका,आपका
aapadaaaen,आपदाएं,आपदाएं
aapdaein,आपदाएं,आपदाएं
aapdayein,आपदाएं,आपदाएं
aabantit,आबंटित,आबंटित
abantit,आबंटित,अबंटित
aabru,आबरू,आब्रू
abaru,आबरू,अबरू
aamdan,आमदन,आमदान
amadan,आमदन,अमादन
aamdani,आमदनी,आमदानी
amadani,आमदनी,अमदानी
aamdi,आमदी,आमदी
amdi,आमदी,अमडी
aamod,आमोद,आमोद
amod,आमोद,अमोद
aayenge,आयेंगे,आयेंगे
aayojak,आयोजक,आयोजक
ro,आरओ,रो
rp,आरपी,आरपी
aaraam,आराम,आराम
aaram,आराम,आराम
aram,आराम,अरम
aarushi,आरुषि,आरुशी
arushi,आरुषि,अरुशी
artery,आर्टरी,आर्टी
order,आर्डर,ऑर्डर
aary,आर्य,आरी
aarya,आर्य,आर्य
arya,आर्य,आर्य
aaryika,आर्यिका,आर्यिका
aryika,आर्यिका,आर्यिका
aarya,आर्यो,आर्य
arya,आर्यो,आर्य
aryo,आर्यो,आर्यो
aaryan,आर्यों,आर्यन
arya,आर्यों,आर्य
aryon,आर्यों,आर्यों
aalsi,आलसी,आलसी
alasi,आलसी,अलासी
aalochak,आलोचक,आलोचक
alochak,आलोचक,आलोचक
aalochakon,आलोचकों,आलोचकों
alochakon,आलोचकों,आलोचकों
aalha,आल्हा,आल्हा
aalhaa,आल्हा,आल्हा
alha,आल्हा,अल्हा
allah,आल्हा,अल्लाह
aawaazen,आवाज़ें,आवाजें
aawajen,आवाज़ें,आवाजें
awaazen,आवाज़ें,आवाजें
awazen,आवाज़ें,आवाजें
aawajon,आवाज़ों,आवाजों
aawazon,आवाज़ों,आवाजों
awaazon,आवाज़ों,आवाजों
awazon,आवाज़ों,आवाजों
aavishakaar,आविष्कार,आविषाकार
aavishkaar,आविष्कार,आविष्कार
avishkar,आविष्कार,अविष्कार
aavriti,आवृत्ति,आवृति
aavritti,आवृत्ति,आवृत्ति
avuti,आवृत्ति,अवूति
aavritiyon,आवृत्तियों,आवृतियों
aavrittiyon,आवृत्तियों,आवृतियों
avrutiyon,आवृत्तियों,अवृतियों
aashanka,आशंका,आशंका
ashanka,आशंका,अशंका
aashriton,आश्रितों,आश्रिटों
ashriton,आश्रितों,अशृतों
aasaan,आसान,आसान
aasan,आसान,आसन
asan,आसान,असन
aastik,आस्तिक,आस्तिक
astik,आस्तिक,अस्तिक
aasteen,आस्तीन,आस्तीन
aastin,आस्तीन,आस्टिन
astin,आस्तीन,अस्टिन
aahnaan,आह्नान,आहनान
aahnan,आह्नान,आहनन
ahyan,आह्नान,अह्यान
england,इंग्लैंड,एंगलैंड
engineer,इंजिनियर,इंजीनियर
introduction,इंट्रोडक्शन,इंट्रोक्शन
insurance,इंश्योरेंस,इनसर्ंस
ear,इअर,आयर
eyer,इअर,एयर
eon,इआन,इन
iaan,इआन,आईन
ekattha,इकट्ठा,एकट्ठा
ikattha,इकट्ठा,इकट्ठा
ekatthi,इकठ्ठी,एकट्ठी
ekthi,इकठ्ठी,एक्ठी
ikatthi,इकठ्ठी,इकट्ठी
ekaee,इकाई,एकाई
ikai,इकाई,इकाई
ekaeyon,इकाईयों,एकाइयों
ikaiyon,इकाईयों,इकाइयों
ikarion,इकाईयों,इकरियों
economic,इकोनोमिक,इकोनॉमिक
ecuador,इक्वाडोर,इक्यूडर
equador,इक्वाडोर,एक्वाउडर
equities,इक्विटीज,एक्यूटिस
ikvitija,इक्विटीज,इक्वितिजा
ijaajat,इजाजत,इजाजात
ijajat,इजाजत,इज़ाजत
inhalation,इनहेलेशन,इंहालेशन
inhaletion,इनहेलेशन,इन्हेलेशन
ibija,इबीजा,इबिजा
ibiza,इबीजा,इबिज़ा
imaging,इमेजिंग,इमाइगिंग
immune,इम्युन,इम्यून
elaichi,इलाइची,इलीची
ilaichi,इलाइची,इलाचि
ilayachi,इलाइची,इलायाची
ilayichi,इलाइची,इलायिची
elaaj,इलाज,एलाज
ilaaj,इलाज,इलाज
ilaj,इलाज,इलाज
ishaak,इशाक,इशाक
ishaaq,इशाक,इशाक
ishak,इशाक,इशक
ishaara,इशारा,इशारा
ishaaraa,इशारा,इशारा
ishara,इशारा,इशारा
ishita,इशिता,इशिता
isht,इष्ट,इष्ट
isteefe,इस्तीफे,इस्टीफ
istife,इस्तीफे,इस्टिफ
ea,ईए,ई
ia,ईए,आई
eater,ईटर,इटर
iter,ईटर,इतर
email,ईमेल,एमिल
emailon,ईमेलों,इमालों
emelon,ईमेलों,एमलों
evening,ईवनिंग,एवीनिंग
east,ईष्ट,इस्ट
ishat,ईष्ट,इश्ट
isht,ईष्ट,इष्ट
isaaiyon,ईसाइयों,ईसाईयों
isaiyon,ईसाइयों,ईसाइयों
isayiyon,ईसाइयों,ईसाइयों
ikhrul,उखरुल,इखरुल
ukhrool,उखरुल,उखरूल
ukhrul,उखरुल,उखरुल
uchhalane,उछालने,उछलाने
uchhalne,उछालने,उछलने
ujback,उज़्बेक,उज्बैक
uzbek,उज़्बेक,उजबेक
uthane,उठने,उठाने
uthne,उठने,उठने
uthaakar,उठाकर,उठाकर
uthakar,उठाकर,उठाकर
uthaapatak,उठापटक,उठापटक
uthapatak,उठापटक,उठापटक
uthen,उठें,उठें
udaan,उड़ान,उदान
udan,उड़ान,उदान
udaanaa,उड़ाना,उदाना
udana,उड़ाना,उड़ना
udaane,उड़ाने,उदाने
udane,उड़ाने,उड़ने
udaanen,उड़ानें,उदानें
udanen,उड़ानें,उदानें
udaanon,उड़ानों,उदानों
udanon,उड़ानों,उदनों
utane,उतने,उताने
utaney,उतने,उतने
utne,उतने,उतने
uttara,उत्तरा,उत्तरा
uttra,उत्तरा,उत्त्र
utpan,उत्पन,उत्पन
udant,उदंत,उदांत
udghosh,उदघोष,उद्घोश
udar,उदर,उदार
uda,उदा,उड़ा
udaa,उदा,उड़ा
udakishuganj,उदाकिशुनगंज,उदकीकुषंग
udakishunganj,उदाकिशुनगंज,उदकीकुषंगं
unatees,उनतीस,युनाटिस
untees,उनतीस,यंटीस
uniyal,उनियाल,युनियल
upadraviyon,उपद्रवियों,उपद्रवियों
updravion,उपद्रवियों,उप्रदावियों
updraviyon,उपद्रवियों,उप्रदावियों
upadravi,उपद्रवी,उपद्रवी
updravi,उपद्रवी,उप्रदवी
upadrawon,उपद्रवों,उपद्रवों
updravon,उपद्रवों,उपद्रवों
upneta,उपनेता,अपनेटा
upabhokta,उपभोक्ता,उपभोकता
upbhokta,उपभोक्ता,उपभक्ता
uplaksh,उपलक्ष्य,उपलाक्ष
uplakshay,उपलक्ष्य,उपलकक्षय
uplakshya,उपलक्ष्य,उपलक्षय
uplabdh,उपलब्ध,अपलबद्ध
uplabdhiyon,उपलब्धियों,अपल्बाधियों
uplabdhi,उपलब्धी,अपल्बाधी
upakhyaanon,उपाख्यानों,उपख्यानों
upakhyanon,उपाख्यानों,उपख्यांों
ubuntu,उबंटू,उबंटू
ubaal,उबाल,उबाल
ubal,उबाल,उबल
ubhaara,उभारा,उभारा
ubhara,उभारा,उभरा
umanath,उमानाथ,उमानाथ
umesh,उमेश,उमेश
urf,उर्फ,अर्फ
urfa,उर्फ,अरफा
urff,उर्फ,अरफ
urvarakon,उर्वरकों,उर्वारकों
urvarkon,उर्वरकों,अर्वारकों
urwarakon,उर्वरकों,उर्वारकों
urvarata,उर्वरता,उर्वरता
urvarta,उर्वरता,अर्वरता
urwarta,उर्वरता,अर्वरता
ulate,उलटे,उलते
ulte,उलटे,उल्टे
ulahana,उलाहना,उलाहना
ulahna,उलाहना,उल्हना
ulema,उलेमा,उलेमा
ulemaon,उलेमाओं,उलेमाओं
usak,उसक,उसक
usaki,उसकी,उसकी
uski,उसकी,उस्की
usmein,उसमें,उस्में
usmen,उसमें,उसमें
usi,उसी,उसी
ustara,उस्तरा,उस्तरा
udharv,ऊर्ध्व,उधार्व
udhrva,ऊर्ध्व,उधर्व
urdhav,ऊर्ध्व,उर्धाव
ushma,ऊष्मा,उष्मा
rishicool,ऋषिकुल,ऋशिकल
rishikul,ऋषिकुल,ऋशिकुल
rushikul,ऋषिकुल,रुशिकल
enzyme,एंजाइम,एंज्यम
anton,एंटोन,एंटन
entone,एंटोन,एंटोन
antoni,एंटोनी,एंटोनी
antony,एंटोनी,एंटोनी
endometrial,एंडोमेट्रियल,एंडोमेट्रियल
andreas,एंड्रियास,एंड्रेस
als,एएलएस,अल्स
asi,एएसआई,असी
eksaath,एकसाथ,एकसाथ
eksath,एकसाथ,एकसाथ
ekaki,एकाकी,एककी
xm,एक्सएम,एक्स
egmor,एगमोर,एग्मर
egmore,एगमोर,एग्मर
aj,एजे,अज
agende,एजेंडे,अजेंदे
adp,एडीपी,एडीपी
adain,एडेन,अदान
aden,एडेन,एडेन
edan,एडेन,एडन
addi,एड्डी,अद्धी
eddi,एड्डी,एडडी
eddie,एड्डी,एडडी
eddy,एड्डी,एडडी
apj,एपीजे,अपज
ftii,एफटीआईआई,फ्टी
abbott,एबट,अब्टोट
abut,एबट,अबूट
ebt,एबट,एबटी
abvp,एबीवीपी,अब्व
abbot,एबोट,अब्बोट
abbott,एबोट,अब्टोट
mta,एमटीए,मता
mtake,एमटेक,मटके
mtec,एमटेक,मेट्स
mtech,एमटेक,मेच
emerald,एमरल्ड,एमरल्ड
emrald,एमरल्ड,एमराल्ड
emil,एमिल,एमिल
emile,एमिल,एमिल
emily,एमिल,एमिली
amy,एमी,अम्य
emi,एमी,एमी
airway,एयरवे,एयरवे
eyarave,एयरवे,एयरवे
eyarve,एयरवे,एयरवे
error,एरर,एरर
arica,एरिका,एरिका
erica,एरिका,एरिका
erika,एरिका,एरिका
aerobic,एरोबिक,एरोबिक
aerobics,एरोबिक,एयोबिक्स
lte,एलटीई,लेट
lti,एलटीई,एलटी
allergic,एलर्जिक,अल्लेरिक
eliminator,एलिमिनेटर,एलिमिनेटर
aliens,एलियंस,एलियंस
alliance,एलियंस,एलायिंस
asian,एशियन,असियन
sfc,एसएफसी,एससीफी
sk,एसके,सीएस
spf,एसपीएफ,एसपीफी
association,एसोसिएशन,एसोशिएशन
astar,एस्टर,अस्तर
aster,एस्टर,अस्टर
ester,एस्टर,एस्टर
aesthetics,एस्थेटिक,एस्थेटिक्स
asthetic,एस्थेटिक,अस्थेटिक
asfalt,एस्फाल्ट,असफलत
asphalt,एस्फाल्ट,अस्फल्ट
asphault,एस्फाल्ट,असफफल्ट
ahsaas,एहसास,अहसास
ehsaas,एहसास,एहसास
ehsas,एहसास,एहस
aisa,एेसा,एसा
eesa,एेसा,ईसा
ainth,ऐंठ,ऐंठ
end,ऐंठ,एंड
enth,ऐंठ,इंठ
ainthey,ऐंठे,ऐंठे
enthe,ऐंठे,इंठे
aithan,ऐठन,ऐथन
ethan,ऐठन,इथन
ethhan,ऐठन,इथ्न
ail,ऐल,आईल
el,ऐल,एल
alaps,ऐल्प्स,अलाप्स
alps,ऐल्प्स,अल्प्स
aise,ऐसे,एस
oxide,ऑक्साइड,ऑक्सिइड
oxy,ऑक्सी,ऑक्सी
offers,ऑफर्स,ऑफर्स
offshor,ऑफशोर,ऑफ्शर
offshore,ऑफशोर,ऑफ्शर
official,ऑफिशियल,ऑफिसिल
okalahoma,ओकलाहोमा,ओकोलाहामा
oklahoma,ओकलाहोमा,ओकलोहामा
oklahoma,ओक्लाहोमा,ओकलोहामा
ot,ओत,ओट
opel,ओपेल,ओपेल
obrayan,ओब्रायन,ओब्रायन
obrien,ओब्रायन,ऑब्राइन
oran,ओरण,ओरान
orian,ओरियन,ओरियन
orion,ओरियन,ओरियन
olavrishti,ओलावृष्टि,ओलवृष्टि
ovum,ओवम,ओवम
owem,ओवम,ओवेम
oceanic,ओशनिक,ऑॉसिनिक
osaka,ओसाका,ओसका
auchity,औचित्य,आछिटी
auchitya,औचित्य,ऑचित्या
audhyogikaran,औद्योगिकरण,औद्योगिकारण
audyogikarana,औद्योगिकरण,औद्योगिकरण
audyogikikaran,औद्योगिकरण,औद्योगिकारण
aurangabad,औरंगाबाद,औरंगाबाद
aurora,औरोरा,औरोरा
aulakh,औलख,औलख
kankad,कंकड़,कांकड़
kankar,कंकड़,कांकर
kankad,कंकर,कांकड़
kankar,कंकर,कांकर
kangan,कंगन,कंगन
conjunction,कंजंक्शन,कंजक्शन
contemporary,कंटेम्पररी,कंट्पोमररी
kanthahar,कंठहार,कंठार
kanthhar,कंठहार,कंठर
composer,कंपोजर,कंपोसर
kambalon,कंबलों,कांबलों
kanblon,कंबलों,कांबलों
consultant,कंसलटेंट,कंस्लेंट
kakkad,कक्कड़,काकड़
kakkar,कक्कड़,काककर
kacche,कच्चे,कचे
kachche,कच्चे,कच्छे
karta,कटरा,करता
katra,कटरा,कटरा
cutlery,कटलरी,कॉटरी
katlari,कटलरी,कटलारी
katlary,कटलरी,कटलरी
katasaraj,कटासराज,कटासराज
kathfodave,कठफोड़वे,कथफोड़व
kathfodve,कठफोड़वे,कथटफोड
kathor,कठोर,कथोर
kathore,कठोर,कथोरे
kanika,कणिका,कनिका
kathai,कत्थई,कथाई
katthai,कत्थई,कट्ठाई
katthaii,कत्थई,कट्टाई
convention,कनवेंशन,कंवेशन
canals,कनाल,कैंल्स
kanaal,कनाल,कनाल
kanal,कनाल,कनाल
kanindham,कनिंघम,कनिंधम
kaningham,कनिंघम,कनिंघम
kanishthika,कनिष्ठिका,कनिष्ठिका
kanishthikaa,कनिष्ठिका,कनिष्ठिका
kanishtika,कनिष्ठिका,कनिष्टिका
kanyaayen,कन्याएं,कन्याएं
kanyaein,कन्याएं,कन्याएं
kanyayen,कन्याएं,कन्याएं
convention,कन्वेंशन,कंवेशन
convocation,कन्वोकेशन,कंवोकेशन
cup,कप,कीप
kap,कप,कप
kapda,कपड़ा,कपड़ा
kpada,कपड़ा,कपड़ा
kapdo,कपड़ो,कपड़ो
kapdon,कपड़ो,कपड़ों
kaping,कपिंग,कैपिंग
kping,कपिंग,क्पिंग
kapolkalpana,कपोलकल्पना,कपलोपकल्न
kabaddi,कबड्डी,कबड़ी
kabr,कब्र,कबर
kabra,कब्र,कबरा
kabren,कब्रें,कबरें
kabron,कब्रों,कबरों
kamjor,कमज़ोर,कमजोर
kamzor,कमज़ोर,कामझोर
kamatar,कमतर,कमातर
kamtar,कमतर,कामतर
kalamjeet,कमलजीत,कलमजीत
kamaljeet,कमलजीत,कमलजीत
kamaauu,कमाऊ,कामौ
kamau,कमाऊ,कामौ
kamaate,कमाते,कमाते
kamate,कमाते,कमते
kamere,कमेरे,कमेरे
kmere,कमेरे,कमरे
karanj,करंज,करणंज
kranj,करंज,क्रंज
karanjiya,करंजिया,करणजीय
kardhe,करघे,कर्धे
karghe,करघे,कर्घे
karachana,करछना,कराचना
karchhana,करछना,कर्चना
karna,करना,करणा
karpatri,करपात्री,करपत्री
karam,करम,कराम
karoor,करूर,करूर
karur,करूर,करूर
karnataka,कर्नाटका,कर्नातका
karvi,कर्वी,करवी
kurvi,कर्वी,कुर्वी
kalmein,कलमें,काल्में
kalmen,कलमें,काल्में
kalraj,कलराज,कलराज
kalika,कलिका,कालिका
kalpanaon,कल्पनाओं,कल्पनाओं
kalpnaon,कल्पनाओं,कल्पनाओं
kavvaliyon,कव्वालियों,कवववलियों
qawwaliyon,कव्वालियों,कववालियों
kavvali,कव्वाली,कववाली
qawwali,कव्वाली,कववाली
kashton,कष्टों,काष्टों
kasarat,कसरत,कसारत
kasrat,कसरत,कसरत
kasara,कसारा,कसरा
kasida,कसीदा,कसीदा
kahane,कहने,कहने
kahne,कहने,कहने
kahlaya,कहलाया,कहलाया
kahaniyon,कहानियों,कहनियों
kile,क़िले,किले
kanji,कांजी,कांजी
cant,कांट,कैंट
kant,कांट,कांट
kanti,कांति,कांटी
kakoo,काकू,काकू
kaku,काकू,काकू
kaagaj,कागज़,कागज
kaagaz,कागज़,कागज
kagaj,कागज़,कागज
kagaz,कागज़,कागज
kaaji,काजी,काजी
kaji,काजी,काजी
kazi,काजी,काजी
qazi,काजी,काजी
kajoo,काजू,काजू
kaju,काजू,काजू
kapadi,कापड़ी,कपड़ी
kapdi,कापड़ी,कपड़ी
kamraj,कामराज,कमराज
kamottejana,कामोत्तेजना,कमोतेजना
kamottejna,कामोत्तेजना,कमोतेजना
kailana,कायलाना,कैलना
kaylana,कायलाना,कायलना
carfi,कार्की,करफी
karki,कार्की,कर्की
kartik,कार्तिक,कार्टिक
karyakartaon,कार्यकर्ताओं,कार्यकार्ताओं
karykartaaon,कार्यकर्ताओं,कार्यकार्ताओं
karykartaon,कार्यकर्ताओं,कार्यकार्ताओं
karyabhar,कार्यभार,कार्यभार
karybhar,कार्यभार,कार्यभार
karyarat,कार्यरत,कार्यात
karyrat,कार्यरत,कार्यात
kaalpi,कालपी,कालपी
kalapi,कालपी,कलापी
kalpi,कालपी,कल्पी
kalika,कालिका,कालिका
kalighat,कालीघाट,कालिघाट
coldvel,काल्डवेल,कॉड्वल
kaldvel,काल्डवेल,काडलवेल
kaldwell,काल्डवेल,कादलवेल
kaav,काव,काव
kav,काव,कव
kaasht,काश्त,काष्ट
kasht,काश्त,काष्ट
kasim,कासिम,कसिम
qasim,कासिम,कासिम
kasimabad,कासिमाबाद,कसिमाबाद
kiya,किया,किया
kiliyan,किलियन,किलियां
killat,किल्लत,किल्लत
killi,किल्ली,किली
kisaani,किसानी,किसानी
kisani,किसानी,किसनी
kisanon,किसानों,किसनों
keede,कीड़े,कीडे
kide,कीड़े,किडे
keynote,कीनोट,कियोटे
kinote,कीनोट,किनोटे
kiratpur,कीरतपुर,किरतपुर
kundal,कुंडल,कुंडल
kundaliya,कुंडलियाँ,कुंदलिया
kundaliyan,कुंडलियाँ,कुंदलियां
kutta,कुत्ता,कुटता
kuposhit,कुपोषित,कुपोशित
kumau,कुमाऊ,कुमाओ
kumavat,कुमावत,कुमावट
kumawat,कुमावत,कुमावत
kural,कुराल,कुराल
kurmi,कुर्मी,कुर्मी
kursiyon,कुर्सियों,कुरसियों
kush,कुश,कुश
kushaan,कुषाण,कुशान
kushan,कुषाण,कुशान
kusumalataa,कुसुमलता,कुसमलता
kusumalta,कुसुमलता,कुसमलता
kusumlata,कुसुमलता,कुसमलता
koot,कूट,कूट
kut,कूट,कूट
kritika,कृतिका,कृतिका
kpo,केपीओ,कपो
canterbari,कैंटरबरी,कैंटरबारी
canterbury,कैंटरबरी,कैंबरी
candidate,कैंडिडेट,कैंडीट
katrina,कैटरीना,कत्रिना
caitlyn,कैटलिन,कैटलीन
cateline,कैटलिन,कैटेलिन
catlin,कैटलिन,कैटलीन
cadmium,कैडमियम,कैडमियम
catholic,कैथोलिक,कैथलिक
catholicon,कैथोलिकों,कैथलिकों
kaetholikon,कैथोलिकों,कैथलिकों
capacitor,कैपेसिटर,कैपैटर
carat,कैरेट,कारत
cavity,कैविटी,कैविटी
cavalry,कैवेलरी,कवलरी
kaivelari,कैवेलरी,कैवेलारी
complex,कॉम्प्लेक्स,कंपेक्स
kocchi,कोच्चि,कोची
kochi,कोच्चि,कोची
corridor,कोरिडोर,कॉरिडर
corolla,कोरोला,कोरलोला
korola,कोरोला,कोरोला
caolan,कोलन,कॉलन
colan,कोलन,कोलन
colon,कोलन,कॉलोन
calling,कोलिंग,कैलिंग
koling,कोलिंग,कोलिंग
colorado,कोलोराडो,कोलरोडो
kolorado,कोलोराडो,कोलोरोडो
kaushal,कौशल,कौशल
kaushalata,कौशलता,कौशलता
kaushalta,कौशलता,कौशलता
kaushambi,कौशाम्बी,कौशमी
cute,क्यूट,कट
quete,क्यूट,क्वेट
cube,क्यूब,केब
cubeck,क्यूबेक,केब्क
quebec,क्यूबेक,क्वेक
cubes,क्यूब्स,क्बेस
krantiyon,क्रांतियों,क्रतियों
cric,क्रिक,क्रिक
crick,क्रिक,क्रिक
cricket,क्रिकेट,क्रिकेट
cricketer,क्रिकेटर,क्रिकेटर
cricketing,क्रिकेटिंग,क्रिकेटिंग
kriyayog,क्रियायोग,कृययोग
christian,क्रिश्चयन,क्रिस्टियन
kruger,क्रूगर,क्रेगर
craig,क्रेग,क्रैग
creg,क्रेग,क्रेग
cradle,क्रैडल,क्रैडल
chrom,क्रोम,क्रॉम
chrome,क्रोम,क्रोम
client,क्लांइट,क्लाइंट
clock,क्लाक,क्लॉक
clasen,क्लासें,क्लेस
classen,क्लासें,क्लासें
classon,क्लासों,क्लासन
clay,क्ले,क्ले
claris,क्लेरिस,क्लारिस
cleris,क्लेरिस,क्लेरिस
clerys,क्लेरिस,क्लेर्स
quantico,क्वांटिको,क्वंटिको
queens,क्वींस,क्वींस
kshitij,क्षितिज,क्षितिज
shitij,क्षितिज,शितिज
kshin,क्षीण,क्षिण
shin,क्षीण,शीन
kshetron,क्षेत्रों,क्षेत्रों
shetron,क्षेत्रों,क्षेत्रों
khand,खंडा,खांड
khanda,खंडा,खंडा
khachakhach,खचाखच,खच्चाछ
khajarana,खजराना,खजराना
khajraana,खजराना,खजराना
khajrana,खजराना,खजराना
khatakati,खटकती,खटकती
khatakti,खटकती,खटकती
kihatkati,खटकती,किहटकी
khattapan,खट्टापन,खटटापन
khat,खत,खात
khani,खनि,खानी
khanik,खनिक,खानिक
khanikarm,खनिकर्म,खानिकार्म
khanikarma,खनिकर्म,खानिकर्म
khanikarmi,खनिकर्म,खानिकार्मी
khapat,खपत,खपत
khariya,खरिया,खरिया
khalnayak,खलनायक,खलनायक
khaaskar,ख़ासकर,खासकर
khaskar,ख़ासकर,खस्कर
khaastaur,ख़ासतौर,खासतौर
khastaur,ख़ासतौर,खासतौर
khaibar,ख़ैबर,खैबर
khyber,ख़ैबर,ख्यर
khaein,खाएं,खाएं
khaen,खाएं,खाएं
khayen,खाएं,खाएं
khaate,खाते,खाते
khaatey,खाते,खाते
khate,खाते,खाते
khal,खाल,खाल
khinchakar,खिंचकर,खिंचाकर
khinchkar,खिंचकर,खिंचकर
khilana,खिलाना,खिलना
khinchkar,खींचकर,खिंचकर
khuda,खुदा,खुडा
khudai,खुदाई,खुदाई
khurapka,खुरपका,खुरापका
khurpaka,खुरपका,खुरपाका
khurasan,खुरासान,खुरासन
khushiyan,खुशियां,खुशियां
khene,खेने,खेने
khaini,खैनी,खानी
khairati,खैराती,खैरती
khoikhoi,खोईखोई,खोयोची
khoya,खोया,खोया
gangrel,गंगरेल,गंग्रेल
gangaajal,गंगाजल,गंगाजल
gangajal,गंगाजल,गंगाजल
gandaki,गंडकी,गंडकी
gandki,गंडकी,गंडकी
gandh,गंध,गंध
gandha,गंध,गंधा
gae,गए,गाई
gaye,गए,गाय
gajara,गजरा,गजारा
gajra,गजरा,गजरा
gadkar,गडकर,गड़कर
ganapati,गणपति,गणपति
ganpati,गणपति,गणपति
gatisheel,गतिशील,गतिशील
gatishil,गतिशील,गतिशिल
gatishilata,गतिशीलता,गतिशिलता
gadadhar,गदाधर,गादार
gammat,गम्मत,गममत
gaya,गया,गाया
garibi,गरीबी,गरिबी
garjana,गर्जना,गर्जना
galgand,गलगंड,गलगंड
gahmagahmi,गहमागहमी,गहमहागी
gemhagehmi,गहमागहमी,गेमहागी
ganguly,गांगुली,गंगुलय
gaanth,गांठ,गांठ
ganth,गांठ,गंथ
gaanthe,गांठे,गांठे
ganthe,गांठे,गंथे
ganthen,गांठें,गंथें
ganthon,गांठों,गंथों
gaen,गाएं,गैन
gayen,गाएं,गाएं
gazi,गाज़ी,गाजी
gajipur,गाजीपुर,गाजीपुर
gazipur,गाजीपुर,गाजीपुर
gayatri,गायत्री,गायत्री
gayitri,गायत्री,गायित्री
gaytri,गायत्री,गायत्री
gidgidate,गिड़गिड़ाते,गिड्डीट
ginate,गिनते,गिनते
ginte,गिनते,गिंटे
girkar,गिरकर,गिरकर
girijaghar,गिरजाघर,गिरजाघर
girjaghar,गिरजाघर,गिरजाघर
girijagharon,गिरजाघरों,गिरजाघरों
girjagharon,गिरजाघरों,गृजाघरों
girati,गिरती,गिरती
girti,गिरती,गिरती
girish,गिरीश,गिर्श
guan,गुआन,गुन
gujar,गुजार,गुजर
gujarata,गुजारता,गुजारता
gujarta,गुजारता,गुजरता
gujarate,गुजारते,गुजारते
gujarte,गुजारते,गुजरते
gujarana,गुजारना,गुजराना
gujarna,गुजारना,गुजराना
gujara,गुजारा,गुजारा
gujare,गुजारे,गुजरे
gutta,गुट्टा,गुट्टा
gthalidar,गुठलीदार,गथलीदार
guthalidar,गुठलीदार,गुथालीदार
gudna,गुदना,गुड़ना
gumaan,गुमान,गुमान
guman,गुमान,गुमान
gulshan,गुलशन,गुलशान
gunga,गूंगा,गुंगा
grihnagar,गृहनगर,गृहनागर
gruhnagar,गृहनगर,गृहनागर
galaxion,गैलेक्सियों,गैलक्सियों
galaxiyon,गैलेक्सियों,गैलक्षियों
galaxyon,गैलेक्सियों,गैलक्षियों
gochar,गोचर,गोचार
gouchar,गोचर,गौचार
godara,गोदारा,गोडरा
gopichand,गोपीचंद,गोपीचंद
gomake,गोमके,गोमके
gomke,गोमके,गोमके
goel,गोयल,गोल
goyal,गोयल,गोयल
gosvaami,गोस्वामी,गोसवामी
gosvami,गोस्वामी,गोसवामी
goswami,गोस्वामी,गोसवामी
gaumukh,गौमुख,गौमुख
gomukh,गौमुख,गोमुख
gaumutr,गौमूत्र,गौमुत्र
gaumutra,गौमूत्र,गौमुत्र
gowmutra,गौमूत्र,गोवमुत्र
granthiyaan,ग्रंथियां,ग्रांथियां
granthiyan,ग्रंथियां,ग्रांथियां
grandhiyon,ग्रंथियों,ग्रांधियों
granthiyon,ग्रंथियों,ग्रांथियों
greest,ग्रीस्ट,ग्रिस्ट
greist,ग्रीस्ट,ग्रिस्ट
grist,ग्रीस्ट,ग्रिस्ट
greg,ग्रेग,ग्रेग
granite,ग्रेनाइट,ग्रेनेट
grenite,ग्रेनाइट,ग्रेनिट
grandson,ग्रैंडसन,ग्रैंडसन
gross,ग्रॉस,ग्रॉस
ghataatop,घटाटोप,घटाटोप
ghatatop,घटाटोप,घटटोप
ghataayaa,घटाया,घटाया
ghataya,घटाया,घटाया
ghanakar,घनाकार,घनाकर
ghabrahat,घबराहट,घारहात
ghasi,घासी,घसी
ghisai,घिसाई,घिसाई
ghisi,घिसी,घिसी
ghise,घिसे,घिसे
ghumakkadi,घुमक्कड़ी,घुमकाड़ी
ghumakkdi,घुमक्कड़ी,घुमक्की
ghumakkadon,घुमक्कड़ों,घुमकाड़ों
ghumakkaron,घुमक्कड़ों,घुमकाकों
ghumakkdon,घुमक्कड़ों,घुमककड़ों
ghummakkadon,घुमक्कड़ों,घममकाकड़ों
ghumaan,घुमाण,घुमान
ghuman,घुमाण,घुमान
ghoonsa,घूंसा,घूंसा
ghunsa,घूंसा,घुंसा
ghongha,घोंघा,घोंघा
ghontane,घोंटने,घोंटने
ghontne,घोंटने,घोंटने
ghot,घोट,घोट
ghodi,घोड़ी,घोड़ी
ghost,घोस्ट,घोस्ट
changul,चंगुल,चंगुल
chand,चंद,चांड
chandan,चंदन,चंदन
chandana,चंदन,चंदना
chandu,चंदू,चंदू
chandon,चंदों,चंदों
chandrabali,चंद्रबली,चंद्राली
chandramaon,चंद्रमाओं,चंद्रामों
chakatte,चकत्ते,चकटते
chaktte,चकत्ते,चकतते
chakkar,चक्कर,चक्कर
chkkar,चक्कर,चककर
chakshu,चक्षु,चक्षु
chatagaon,चटगांव,चटगाओं
chatgaon,चटगांव,चतगाओं
chadhane,चढ़ने,चढ़ने
chadhne,चढ़ने,चढ़ने
chaturdik,चतुर्दिक,चत्रुदिक
chatunshkoniy,चतुष्कोणीय,चतुंकोशनीय
chatushkoniy,चतुष्कोणीय,चतुस्कोंीय
chatushkoniya,चतुष्कोणीय,चतुस्कोणिया
channa,चन्ना,चानना
chabate,चबाते,चबते
chabutare,चबूतरे,चबुतरे
chabutre,चबूतरे,चबुत्रे
chamakna,चमकना,चमकाना
chamkana,चमकना,चमकाना
charas,चरस,चारस
charit,चरित,चारित
charcha,चर्चा,चर्चा
churcha,चर्चा,चर्चा
charchaon,चर्चाओं,चर्चाओं
chalenge,चलेंगे,चलेंगे
chlenge,चलेंगे,चलेंगे
chahunaur,चहुंओर,चौहानुर
chahunor,चहुंओर,चाहुनर
chanval,चांवल,चंवल
chanwal,चांवल,चंवल
chachaji,चाचाजी,चचाजी
chadar,चादर,चादर
chadaron,चादरों,चदारों
chadron,चादरों,चद्रों
chan,चान,चान
chanan,चानन,चान
chaplusi,चापलूसी,चैपलूसी
chayal,चायल,चायल
char,चार,चार
charon,चारों,चारों
charge,चार्ज,चारगे
chart,चार्ट,चार्ट
charton,चार्टों,चार्टन
charts,चार्ट्स,चार्ट्स
chaalit,चालित,चालित
chalit,चालित,चलित
chikitsak,चिकित्सक,चिकित्सक
chikitsakon,चिकित्सकों,चिकित्सकों
chikhali,चिखली,चिखली
chiththi,चिट्ठी,चित्ठी
chitthi,चिट्ठी,चित्ठी
chithhi,चिठ्ठी,चिथी
chiththi,चिठ्ठी,चित्ठी
chitthi,चिठ्ठी,चित्ठी
chidchidapan,चिडचिडापन,चिड़िचादन
chidchidapan,चिड़चिड़ापन,चिड़िचादन
chidhate,चिढ़ते,चिढ़ते
chidhte,चिढ़ते,चिड़ते
chithrkar,चित्रकार,चित्रकर
chitrkar,चित्रकार,चित्रकर
chipakane,चिपकने,चिपकने
chipakne,चिपकने,चिपकने
chipkane,चिपकने,चिपकने
chimati,चिमटी,चिमती
chimti,चिमटी,चिमती
chillane,चिल्लाने,चिल्ने
chee,ची,ची
chi,ची,ची
chuka,चुका,चुका
chune,चुने,चुने
chunar,चूनर,चुनार
changed,चेंज्ड,चैंगेड
chetti,चेट्टी,चेत्ती
chennai,चेन्नई,चेनाई
chero,चेरो,चेरो
chest,चेस्ट,चेस्ट
championship,चैंपियनशिप,चैंपिशियप
chor,चोर,चोर
choro,चोरों,चोरो
choron,चोरों,चोरों
chauk,चौक,चौक
chowk,चौक,चोक
chauka,चौका,चौका
chuka,चौका,चुका
chaukiyan,चौकियां,चौकियां
chauki,चौकी,चौकी
chaukhate,चौखटे,चौखते
chauguni,चौगुनी,चौगुनी
chauda,चौड़ा,चौडा
chaudah,चौड़ा,चौदह
chaudahavan,चौदहवां,चौधावन
chaudhavan,चौदहवां,चौधवान
chaudhawan,चौदहवां,चौधवान
chaupati,चौपाटी,चौपती
chupaty,चौपाटी,छुपटी
chaupal,चौपाल,चौपल
chaurai,चौरई,चौराई
chausinga,चौसिंगा,चौसिंगा
chausingha,चौसिंगा,चौसिंहा
chhagan,छगन,छागन
chhabi,छबि,छाबी
chhalla,छल्ला,छलला
chhallaa,छल्ला,छलला
chhaviyaan,छवियाँ,छावियां
chhaviyan,छवियाँ,छावियां
chhavi,छवी,छावी
cheh,छह,चेह
chhah,छह,छाह
chehon,छहों,चेहों
chhahon,छहों,छाहों
chhai,छाई,छाई
chhagla,छागला,छगला
chhajan,छाजन,छाजन
chhaati,छाती,छाती
chhati,छाती,छाती
chhaapemaar,छापेमार,छापेमार
chhapemar,छापेमार,छपेमर
chheenk,छींक,छींक
chhink,छींक,छिंक
chink,छींक,चिंक
chenkein,छींके,चेंकें
chhekein,छींके,छेकें
chhinke,छींके,छिंके
chhinky,छींके,छिंकी
chinke,छींके,चिंके
chhudaane,छुडाने,छुड़ाने
chhudane,छुडाने,छुड़ने
chhupakar,छुपकर,छुपाकर
chhupkar,छुपकर,छुपकर
chhupkr,छुपकर,छुपकर
chhupata,छुपता,छुपता
chhupta,छुपता,छुपता
chhuptaa,छुपता,छुपता
chhura,छुरा,छुड़ा
chhuraa,छुरा,छुरा
chhuree,छुरी,छुरी
chhuri,छुरी,छुरी
chhure,छुरे,छुरे
chhootane,छूटने,छूटने
chhutane,छूटने,छुटाने
chhutne,छूटने,छुटने
chheter,छेत्र,छेतर
chhetr,छेत्र,छेत्र
chhetter,छेत्र,छेटर
chhetri,छेत्री,छेत्री
chhetthari,छेत्री,छेत्थारी
chhetthri,छेत्री,छेत्री
chai,छै,चाई
chhai,छै,छाई
chhe,छै,छे
jagaega,जगाएगा,जगागा
jagayega,जगाएगा,जगाएगा
jaghaega,जगाएगा,जाघेगा
jgaayega,जगाएगा,जगाएगा
jgayegaa,जगाएगा,जगाएगा
jajaon,जजों,जजाओं
jajon,जजों,जाजों
jad,जड़,जाद
jadd,जड़,जड़
jaddit,जड़ित,जड़ित
jadeite,जड़ित,जादेते
jadet,जड़ित,जादेट
jadit,जड़ित,जादित
jadein,जड़ें,जादें
jaden,जड़ें,जादें
jatara,जतरा,जातारा
jatra,जतरा,जात्र
jataati,जताती,जताति
jatatee,जताती,जतती
jatati,जताती,जतति
janagananaa,जनगणना,जनगनना
janaganna,जनगणना,जनगनना
jangadnaa,जनगणना,जंगड़ना
janganana,जनगणना,जनगाना
janganna,जनगणना,जांगना
janajagran,जनजागरण,जनजाग्रण
janjaagran,जनजागरण,जनजाग्रण
janjagran,जनजागरण,जनजाग्रण
january,जनवरी,जनुरी
janahaani,जनहानि,जनहानी
janahani,जनहानि,जनहानी
janhaani,जनहानि,जनहानी
janhani,जनहानि,जनहानी
jnhaani,जनहानि,जनहानी
jamaate,जमाती,जमाते
jamaati,जमाती,जमाति
jamati,जमाती,जमति
jamaaya,जमाया,जमाया
jamaeya,जमाया,जमाए
jamaya,जमाया,जमाया
jamayaa,जमाया,जमाया
jamuai,जमुई,जामुई
jamuei,जमुई,जमूई
jamui,जमुई,जामूई
jai,जय,जाई
jay,जय,जाय
jaidayal,जयदयाल,जैदयल
jayadayal,जयदयाल,जययदाल
jaydayal,जयदयाल,जयदयाल
jaibaan,जयबाण,जैबान
jaiban,जयबाण,जैबन
jaybaan,जयबाण,जयबान
jayalalita,जयललिता,जयलियता
jayalalitaa,जयललिता,जयलियता
jayalalithaa,जयललिता,जयलीथा
jaylalita,जयललिता,जयलीता
jarakh,जरख,जाख
zarakh,जरख,ज़ख
jarda,जर्दा,जरदा
jardaa,जर्दा,जरदा
zarda,जर्दा,जरदा
jalagati,जलगति,जलागती
jalgati,जलगति,जलगती
jalgti,जलगति,जलगती
jalte,जलते,जलते
jalbharav,जलभराव,जलभारव
jalbhraav,जलभराव,जलभरवाव
jalbhrav,जलभराव,जलभभरव
jalvaayu,जलवायु,जलवायु
jalvayu,जलवायु,जलवायु
jalesar,जलेसर,जलेसर
jasmeet,जसमीत,जसमीत
jasmit,जसमीत,जसमित
jassee,जस्सी,जससी
jassi,जस्सी,जससी
jamaanaa,ज़माना,जमाना
jamana,ज़माना,जमाना
zamaanaa,ज़माना,जमाना
zamana,ज़माना,जमाना
jaljale,ज़लज़ले,जलजले
zalzale,ज़लज़ले,जलझाले
zee,ज़ी,जी
jubaan,ज़ुबान,जुबान
juban,ज़ुबान,जुबान
zuban,ज़ुबान,जुबान
jaanch,जाँच,जांच
jaaunch,जाँच,जांच
janch,जाँच,जांच
jaunch,जाँच,जांच
jaagriti,जागृति,जागृति
jagriti,जागृति,जागृति
jagruti,जागृति,जगरूति
jajamau,जाजमऊ,जजामू
jajmau,जाजमऊ,जजमा
jajmauu,जाजमऊ,जजमाऊ
jaat,जात,जात
jat,जात,जत
jaatak,जातक,जातक
jatak,जातक,जतक
jaatakon,जातकों,जातकों
jaatkon,जातकों,जातकों
jatakon,जातकों,जटकों
jaatiyon,जातियों,जातियों
jatiyon,जातियों,जातियों
jaankaaron,जानकारों,जानकारों
jaankaron,जानकारों,जानकरों
jankaron,जानकारों,जनकारों
jaanam,जानम,जानाम
janam,जानम,जन्म
jaayke,जायके,जायके
jayke,जायके,जायके
jaawar,जावर,जावर
zawar,जावर,जावर
jing,जिंग,जिंग
gin,जिन,गिन
jeen,जिन,जीन
jin,जिन,जिन
ginee,जिनी,गिनी
jinee,जिनी,जीनी
jini,जिनी,जिनी
geneva,जिनीवा,जेनेवा
jeneva,जिनीवा,जेनेवा
jiniva,जिनीवा,जिनीवा
gypsy,जिप्सी,जीपीएस
jimme,जिम्मे,जिम्मे
jiya,जिया,जिया
gic,जीआईसी,जीसी
gr,जीआर,गीआर
gm,जीएम,जीएम
gsm,जीएसएम,जीएमएस
gtod,जीतोड़,गोड
gtor,जीतोड़,गोर
jeetod,जीतोड़,जीतोड
jitod,जीतोड़,जितोड
jean,जीन,जीन
jeen,जीन,जीन
jin,जीन,जिन
jeenon,जीनों,जीनों
jinon,जीनों,जिनों
jeepney,जीपनी,जीपने
jipani,जीपनी,जिपनी
jeeyo,जीयो,जीयो
jio,जीयो,जिओ
jiyo,जीयो,जियो
jeera,जीरा,जीरा
jira,जीरा,जिरा
jeevant,जीवंत,जीवांत
jivant,जीवंत,जीवंत
jeevan,जीवन,जीवन
jeewan,जीवन,जीवन
jivan,जीवन,जीवन
jiwan,जीवन,जीवन
jeevanshaili,जीवनशैली,जीवनशीली
jivanshaili,जीवनशैली,जीवनशाली
jeevniyaan,जीवनियां,जीवनियां
jivaniya,जीवनियां,जीवनिया
jivaniyaan,जीवनियां,जीवनियां
jivaniyan,जीवनियां,जीवनियां
jeevraaj,जीवराज,जीवराज
jivraj,जीवराज,जीवराज
jua,जुए,जुआ
jue,जुए,जुए
juye,जुए,जुए
jutee,जुटी,जुती
juti,जुटी,जूती
judaai,जुड़ाई,जुडाई
judae,जुड़ाई,जुड़ाई
judai,जुड़ाई,जुडाई
judaai,जुदाई,जुडाई
judai,जुदाई,जुडाई
junoon,जुनून,जूनून
junun,जुनून,जून
junooni,जुनूनी,जूनूनी
jununi,जुनूनी,जुनूनी
jubair,जुबेर,जुबार
juber,जुबेर,जुबर
zubair,जुबेर,जुबैर
juraab,जुराब,जुराब
jurab,जुराब,जुराब
julaahon,जुलाहों,जुलाहों
julahon,जुलाहों,जुलाहों
julmon,जुल्मों,जुल्मों
zulmon,जुल्मों,जुल्मों
jood,जूड,जूद
jud,जूड,जुड
junagadh,जूनागढ,जुनागढ़
junagarh,जूनागढ,जुनागढ़
junior,जूनियर,जुनियर
jealous,जूलूस,जीलास
juloos,जूलूस,जुलूस
julus,जूलूस,जुलस
jetha,जेठा,जेठा
jenner,जेनर,जेनर
generic,जेनरिक,जेनेरिक
jenrick,जेनरिक,जेनरिक
generat,जेनरेट,जेनरेट
generate,जेनरेट,जेनरेट
jenee,जेनी,जीनी
jenni,जेनी,जेनी
jenny,जेनी,जेनी
james,जेम्स,जमेस
jeremy,जेरेमी,जरीमी
gerome,जेरोम,गररोम
jerome,जेरोम,जररोम
jacks,जैक्स,जैक्स
jain,जैन,जैन
gene,जैने,जेन
jaine,जैने,जाने
jaino,जैनों,जाइनो
jainon,जैनों,जाइनों
jerry,जैरी,जररी
jasper,जैस्पर,जासपर
jogging,जॉगिंग,जोगिंग
johnson,जॉनसन,जोन्सन
jobs,जॉब्स,जॉब्स
jockey,जोकि,जोके
joki,जोकि,जोकी
jokhim,जोखिम,जोखीम
joddta,जोड़ता,जोड़ता
jodta,जोड़ता,जोडता
jorhta,जोड़ता,जोरहता
jodiyon,जोड़ियों,जोडियों
jodo,जोड़ो,जोदो
jaun,जौं,जौन
gyatavya,ज्ञातव्य,ज्यातव्य
gyatvy,ज्ञातव्य,ग्यात्वी
gyapit,ज्ञापित,ज्ञापित
jyotiba,ज्योतिबा,ज्योतिबा
joint,ज्वाइंट,जोइंट
jvar,ज्वार,ज्वर
jwar,ज्वार,ज्वर
jvaaron,ज्वारों,ज्वारों
jvaron,ज्वारों,ज्वारों
jwaron,ज्वारों,ज्वारों
jewellers,ज्वेलर्स,ज्वेलर्स
jh,झ,झ
jha,झ,झा
jhalakti,झलकती,झलकति
jhalkati,झलकती,झलकती
jhalla,झल्ला,झलला
jhankana,झांकना,झंकाना
jhankna,झांकना,झंकना
jheel,झील,झील
jhil,झील,झिल
jheelon,झीलों,झीलों
jhilon,झीलों,झिलों
jhuthala,झुठला,झुठला
jhuthla,झुठला,झुठला
jhuthalane,झुठलाने,झुठलाने
jhuthlane,झुठलाने,झुठलाने
tankaar,टंकार,टंकार
tankar,टंकार,टंकर
takara,टकरा,टकरा
takra,टकरा,टकरा
takaraon,टकरावों,टकराओं
takravon,टकरावों,टकरवों
tapakti,टपकती,ताकटी
tapkati,टपकती,तपकती
time,टाइम,टीम
timer,टाइमर,टीमर
taoo,टाऊ,ताओ
tau,टाऊ,ताऊ
tapoowo,टापुओं,टापू
tapuon,टापुओं,तपुओं
tapuwo,टापुओं,तापू
tied,टायर्ड,टाइड
tired,टायर्ड,तिरेड
tyred,टायर्ड,टायर्ड
tarch,टार्च,तर्च
torch,टार्च,टोरच
tik,टिक,टीक
teap,टिप,टीप
tip,टिप,टीप
tippanikar,टिप्पणीकार,टिप्पनिकार
tippnikar,टिप्पणीकार,टिप्निकार
tivolee,टिवोली,तिवोली
tivoli,टिवोली,तिवोली
teekamgarh,टीकमगढ़,टीकमगढ़
tikamgarh,टीकमगढ़,तिकमगढ़
teekon,टीकों,टीकों
tikon,टीकों,टिकों
two,टु,त्वो
tension,टेंशन,टेंशन
tenis,टेनिस,टेनिस
tennis,टेनिस,टेनिस
taste,टेस्ट,तस्ते
test,टेस्ट,टेस्ट
tasting,टेस्टिंग,तस्टिंग
testing,टेस्टिंग,टेस्टिंग
tainin,टैनिन,टैनिन
tenin,टैनिन,टेनिन
tanish,टैनिस,तनीश
tennis,टैनिस,टेनिस
taboo,टैबू,तबू
taiboo,टैबू,तैबू
taobao,टैबू,ताबाओ
tonic,टॉनिक,टोनिक
tonga,टोंगा,टोंगा
toka,टोका,टोका
tuesday,ट्यूजडे,तुसेदय
tuning,ट्यूनिंग,टुनिंग
tuberculosis,ट्यूबरक्यूलोसिस,ट्रेक्लोसिस
tuberkyulosis,ट्यूबरक्यूलोसिस,ट्रेकबाल्सिक
truck,ट्रक,ट्रैक
trangistor,ट्रांजिस्टर,ट्रांसिटर
tranjister,ट्रांजिस्टर,ट्रांजिस्टर
transistor,ट्रांजिस्टर,ट्रांसिस्टर
transfer,ट्रान्सफर,ट्रांसफर
tribunal,ट्रिब्युनल,त्रिबुनल
tribunal,ट्रिब्यूनल,त्रिबुनल
trubyunal,ट्रिब्यूनल,त्रुब्लन
truth,ट्रुथ,तृथ
tuth,ट्रुथ,टूठ
traded,ट्रेडेड,ट्रेड
trabal,ट्रेबल,ट्रैबल
trebal,ट्रेबल,ट्रेबल
trouble,ट्रेबल,ट्रॉबल
traip,ट्रैप,ट्रेप
trap,ट्रैप,ट्राप
trot,ट्रॉट,ट्रॉट
trott,ट्रॉट,ट्रॉट
thakkar,ठक्कर,ठककर
thakkr,ठक्कर,थक्कर
thaharne,ठहरने,ठहराने
thahrane,ठहरने,ठहराने
theharne,ठहरने,ठहराने
thikane,ठिकाने,ठिकाने
thumari,ठुमरी,थुमारी
thumri,ठुमरी,थुमरी
theinga,ठेंगा,थिंगा
thenga,ठेंगा,ठेंगा
thengaa,ठेंगा,ठेंगा
daglas,डगलस,दगलास
douglas,डगलस,डौगल्स
dabhara,डभरा,दभारा
dabhra,डभरा,दभरा
dabhoi,डभोई,दभोई
dam,डम,डम
dum,डम,डम
darate,डराते,दरते
daratey,डराते,दरते
daravani,डरावनी,दरवानी
darawani,डरावनी,दरावनी
dravani,डरावनी,द्रावणी
down,डाउन,डॉन
daak,डाक,डाक
dak,डाक,डक
daka,डाका,डका
dabi,डाबी,दबी
dabolim,डाबोलिम,डबोलिम
dinosaur,डायनासोर,डियोसर
diaries,डायरीज,डायरिस
dit,डिट,डिट
depthiriya,डिप्थीरिया,देप्तिरिया
diphtheria,डिप्थीरिया,दिफ्ठेरी
de,डीई,डे
dealership,डीलरशिप,डिलरशिप
dvc,डीवीसी,डीवीसी
dubaana,डुबाना,दुबाना
dubana,डुबाना,दुबाना
dubona,डुबोना,दोबाना
dulne,डुलने,डुलने
doonarpur,डूंगरपुर,दूनारपुर
doongarpur,डूंगरपुर,दूंगपुर
dungarpur,डूंगरपुर,डुंगरपुर
dungerpur,डूंगरपुर,डंगरपर
dubana,डूबना,दुबाना
dubna,डूबना,दूबना
dangerous,डेंजरस,डेंजरूस
daisy,डेजी,दैसी
dazy,डेजी,दाज्य
deji,डेजी,देजी
deputy,डेप्युटी,डिप्टी
davidson,डेविडसन,दाविसदों
devidson,डेविडसन,देविस्डों
davey,डेवी,दवे
devi,डेवी,देवी
dewey,डेवी,देवे
destination,डेस्टिनेशन,डिस्टेनेशन
datson,डैटसन,दत्सों
datsun,डैटसन,दत्सन
daddy,डैडी,दद्य
dark,डॉर्क,डर्क
dork,डॉर्क,डॉर्क
dose,डोज,डोस
domenic,डोमेनिक,डोमेनिक
doranda,डोरंडा,दोरंदा
dolane,डोलने,डोलने
dolne,डोलने,डोलने
dual,ड्युअल,दुआल
duak,ड्यूक,दुक
duke,ड्यूक,डुके
drame,ड्रामे,ड्रेम
dramen,ड्रामे,ड्रेमें
drager,ड्रेजर,ड्रेजर
dredger,ड्रेजर,ड्रेडर
dreijer,ड्रेजर,ड्रेजर
dhakaal,ढकाल,ढकाल
dhakal,ढकाल,ढकल
dhakkal,ढकाल,ढक्कल
dhkal,ढकाल,ढकल
dhale,ढले,ढले
dhoondh,ढूंढ,धूंध
dhundh,ढूंढ,धुंध
dhoondhata,ढूंढता,ढूंधता
dhundhata,ढूंढता,ढुंधता
dhundhta,ढूंढता,ढुंधता
dhoondhi,ढूंढी,धूंधी
dhundhi,ढूंढी,धुंधी
tanjavur,तंजावुर,तंजावर
thanjavur,तंजावुर,ठंजावर
tantr,तंत्र,तंत्र
tantra,तंत्र,तंत्र
tantrikao,तंत्रिकाओं,तंत्रिका
tantrikaon,तंत्रिकाओं,तंतरिकाओं
tantro,तंत्रों,टैंट्रो
tantron,तंत्रों,तंत्रों
tagade,तगड़े,तगड़े
tagde,तगड़े,तगड़े
tadipaar,तड़ीपार,ताडिपार
tadipar,तड़ीपार,ताडिपार
tani,तनी,तानी
tapan,तपन,तपन
tarafa,तरफा,तरफा
tarfa,तरफा,तरफा
tarabganj,तरबगंज,तरबगंज
taras,तरस,तारस
taraash,तराश,ताराश
tarash,तराश,तारश
tarashay,तराशे,तराशय
tarashe,तराशे,तराशे
tareeko,तरीको,तरीकों
tariko,तरीको,तारिको
tark,तर्क,टार्क
tarkvaad,तर्कवाद,तर्कवाद
tarkvad,तर्कवाद,तर्कवाद
tarkwaad,तर्कवाद,तर्कवाद
tarko,तर्कों,तरको
tarkon,तर्कों,तरकों
talabgaar,तलबगार,तलबागार
talabgar,तलबगार,तलबागर
talbagaar,तलबगार,तलबागार
talbagar,तलबगार,तलबागार
talawe,तलवे,तलावे
talve,तलवे,तलवे
talawon,तलवों,तलवों
talvon,तलवों,तलवों
tahakhana,तहखाना,तहखाना
tahkhaana,तहखाना,तहखाना
tahkhana,तहखाना,तहखाना
taantaa,तांता,तांता
tanta,तांता,तंता
tambe,तांबे,तंबे
tanbe,तांबे,तंबे
taaja,ताजा,ताजा
taajaa,ताजा,ताजा
taaza,ताजा,ताजा
taja,ताजा,ताजा
taza,ताजा,ताजा
tansen,तानसेन,टांसें
taapmaanon,तापमानों,तामाानों
tapmano,तापमानों,ताम्नों
tapmanon,तापमानों,ताम्नों
taapti,ताप्ती,ताप्ति
tapti,ताप्ती,टपटी
tarabai,ताराबाई,तरबाई
taseer,तासीर,तसीर
tasir,तासीर,तासीर
taahi,ताहि,ताही
tahi,ताहि,तही
tikone,तिकोने,टिकोन
tirupati,तिरूपति,तिरुपति
tiwari,तिवारी,तिवारी
ti,ती,ती
teer,तीर,टीर
tir,तीर,तिर
teeron,तीरों,टीरों
tiron,तीरों,तिरों
tirthatan,तीर्थाटन,तीरथटन
tungnath,तुंगनाथ,तुंगनाथ
tughlaq,तुगलक,तुघलक
tuglak,तुगलक,टुगलक
tughlakabad,तुगलकाबाद,तुलटकाबाद
tughlaqabad,तुगलकाबाद,तुलगाबाद
tuglakabad,तुगलकाबाद,तुलगाबाद
tugalaki,तुगलकी,तुगलाकी
tugalki,तुगलकी,तुगलकी
tuglaki,तुगलकी,तुलगाकी
tufail,तुफैल,ट्फाइल
tejaji,तेजाजी,तेजाजी
teji,तेजी,तेजी
tel,तेल,टेल
telon,तेलों,टेलों
to,तो,टो
toh,तो,तोह
taul,तौल,टौल
tyohaar,त्यौहार,त्योहार
tyohar,त्यौहार,त्योहार
tyoihar,त्यौहार,त्योहार
tyauharon,त्यौहारों,त्यौहारों
tyoharon,त्यौहारों,त्योहारों
tyoiharon,त्यौहारों,त्योहारों
trijata,त्रिजटा,तृजता
trijta,त्रिजटा,तृजता
triya,त्रिया,त्रिया
tremasik,त्रैमासिक,ट्रेमासिक
trimasik,त्रैमासिक,त्रिमासिक
tse,त्से,ट्स
thaki,थकी,ठकी
thki,थकी,ठकी
tharti,थर्टी,थरती
thirty,थर्टी,थिर्टी
thane,थाणे,ठाने
thaanvi,थानवी,ठानवी
thanvi,थानवी,ठनवी
theateron,थिएटरों,थीटरों
theatron,थिएटरों,थित्रों
theaters,थिएटर्स,थिटर्स
theater,थियेटर,थीटर
theatre,थियेटर,थितरे
theateron,थियेटरों,थीटरों
theatron,थियेटरों,थित्रों
thitron,थियेटरों,थित्रों
theaters,थियेटर्स,थिटर्स
theatrs,थियेटर्स,थीटर्स
thiyeters,थियेटर्स,थियेटर्स
thirake,थिरके,थिरके
thirke,थिरके,थिरके
thief,थीफ,ठीफ
then,थेन,ठेन
theni,थेनी,ठेनी
thailee,थैली,थैली
thaili,थैली,थैली
thaile,थैले,थैले
dang,दंग,डांग
danga,दंगा,डंगा
dangon,दंगों,डंगों
dampati,दंपति,दंपति
danpati,दंपति,दंपति
dampatiyon,दंपतियों,दंपतियों
dampattiyon,दंपतियों,दंपत्तियों
danptiyon,दंपतियों,डंप्तियों
dadreva,ददरेवा,दारेवा
dadrewa,ददरेवा,दद्रेवा
damoh,दमोह,दमोह
dardara,दरदरा,दरदारा
dardraa,दरदरा,दरदरा
durdhara,दरदरा,दुर्धारा
darmiyaan,दरमियान,दर्मियां
darmiyan,दरमियान,दर्मियां
darjano,दर्जनों,दरजानो
darjanon,दर्जनों,दरजानों
darp,दर्प,दर्प
darra,दर्रा,दररा
dalbadal,दलबदल,दबलदाल
dalbadl,दलबदल,डालबब्ड
dali,दली,दाली
dastaanaa,दस्ताना,दस्ताना
dastana,दस्ताना,दस्ताना
dastavej,दस्तावेज,दस्तावेज
dahan,दहन,दहन
dahal,दहल,दहल
da,दा,दा
daakhil,दाखिल,दाखिल
dakhil,दाखिल,दखिल
daakhile,दाखिले,दाखिले
dakhile,दाखिले,दखिले
daataa,दाता,दाता
data,दाता,दता
dadari,दादरी,दादारी
daanshil,दानशील,दांशिल
danshil,दानशील,दंशिल
daabholkar,दाभोलकर,दाभोलकर
dabholkar,दाभोलकर,दोभलकर
damale,दामले,डमले
damle,दामले,डमले
dayitv,दायित्व,दायित्व
dayitva,दायित्व,दयित्व
dayitwa,दायित्व,दयित्व
dayitvon,दायित्वों,दयित्वों
dayityon,दायित्वों,दयित्यों
darul,दारूल,दरुल
daav,दाव,दाव
daaw,दाव,दाव
dav,दाव,दव
daw,दाव,डा
daah,दाह,दाह
dah,दाह,दह
dikhla,दिखला,दिखला
dikhlaa,दिखला,दिखला
dikhaaiye,दिखाइये,दिखाए
dikhaiye,दिखाइये,दिखाए
dikhaai,दिखाई,दिखाई
dikhai,दिखाई,दिखाई
dikhayi,दिखाई,दिखाई
dikhaaee,दिखाईं,दिखाई
dikhaai,दिखाईं,दिखाई
dikhaain,दिखाईं,दिखाएं
dikhaee,दिखाईं,दिखाई
dikhai,दिखाईं,दिखाई
dikhayin,दिखाईं,दिखाएं
dikhai,दिखायी,दिखाई
dikhayi,दिखायी,दिखाई
dikhaai,दिखार्इ,दिखाई
dikhae,दिखार्इ,दिखाए
dikhai,दिखार्इ,दिखाई
dikhayi,दिखार्इ,दिखाई
dita,दिता,दीता
ditaa,दिता,दिता
dinaank,दिनांक,दिनांक
dinank,दिनांक,दिनांक
dirham,दिरहम,दिरहम
dilaaye,दिलाये,दिलाए
dilaye,दिलाये,दिलाए
deewani,दिवानी,दीवानी
diwani,दिवानी,दिवानी
divy,दिव्य,दिवी
divya,दिव्य,दिव्य
divyata,दिव्यता,दिव्यता
divya,दिव्या,दिव्य
deepan,दीपन,दीपन
deepn,दीपन,दीपन
dipan,दीपन,दीपन
deepsingh,दीपसिंह,डिप्सिंह
dipsingh,दीपसिंह,डिप्सिंह
deepika,दीपिका,दीपिका
dipika,दीपिका,दीपिका
deeya,दीया,दीया
diya,दीया,दिया
dukaanon,दुकानों,दुकानों
dukanon,दुकानों,दुकानों
dukke,दुक्के,डुकके
dukhan,दुखन,दुखान
dukhit,दुखित,दुखित
dukhiyon,दुखियों,दुखियों
dukhon,दुखों,दुखों
dubhashiyon,दुभाषियों,दुभाषियों
durgun,दुर्गुण,दुर्गन
durghatna,दुर्घटना,दुर्घटना
durghtna,दुर्घटना,दुर्घटना
duneerti,दुर्नीति,दुनीर्ति
durniti,दुर्नीति,दूर्णिति
durbhiksh,दुर्भिक्ष,दुर्भिक
duvidhaaen,दुविधाएं,दुविधाएं
duvidhaayein,दुविधाएं,दुविधाएं
duvidhaen,दुविधाएं,दुविधाएं
duwaidhaayein,दुविधाएं,दुवाइदाएं
dune,दूने,डूने
doordarshan,दूरदर्शन,दूरदर्शन
durdarshan,दूरदर्शन,दुरदर्शन
dradh,दृढ़,दृध
dridh,दृढ़,दृध
dekhoge,देखोगे,देखोगे
denevaali,देनेवाली,देनेवाली
denevali,देनेवाली,देनेवाली
denewaali,देनेवाली,देनेवाली
denewali,देनेवाली,देनेवाली
deonar,देवनार,देयनर
devnaar,देवनार,देवनार
devnar,देवनार,देवनर
devaapur,देवापुर,देवापुर
devapur,देवापुर,देवापुर
devi,देवी,देवी
devisingh,देवीसिंह,डिविसिंग
devisinh,देवीसिंह,देविसिह
deshkaal,देशकाल,देशकाल
deshkal,देशकाल,देशकाल
deshke,देशके,देशके
desai,देसाई,देसाई
doge,दोगे,डोगे
dvadash,द्वादश,द्वाद
dwaadas,द्वादश,द्वाद
dvivedi,द्विवेदी,द्विवेदी
dwivedi,द्विवेदी,द्वीवेदी
dhande,धंधे,धंडे
dhandhe,धंधे,धंढे
dhndhe,धंधे,ढंढे
dhandhon,धंधों,धंधों
dhandon,धंधों,धंडों
dhakelte,धकेलते,ढकेलते
dhkelate,धकेलते,ढकेलते
dhatana,धटना,ढटाना
dhatna,धटना,ढटना
dhankuber,धनकुबेर,धनकुबर
dhanadhany,धनधान्य,धनाधन्य
dhandhaanya,धनधान्य,धनधान्य
dhandhany,धनधान्य,धनधान्य
dhandhanya,धनधान्य,धनधन्य
dhamkaataa,धमकाता,धमकाता
dhamkata,धमकाता,धमकता
dhamm,धम्म,धम्म
dhamma,धम्मा,धम्मा
dhammaa,धम्मा,धम्मा
dharmnath,धर्मनाथ,धर्मनाथ
dharmraj,धर्मराज,धर्मराज
dharmesh,धर्मेश,धर्मेश
dhasmaanaa,धस्माना,धस्माना
dhasmana,धस्माना,धसमाना
dhaak,धाक,ढाक
dhak,धाक,ढक
dhaaga,धागा,ढागा
dhaagaa,धागा,धागा
dhaga,धागा,ढगा
dhaatuein,धातुएं,धातुएं
dhaatuyein,धातुएं,धातुएं
dhtuen,धातुएं,धुटें
dhaarak,धारक,धारक
dharak,धारक,धारक
dhaari,धारी,धारी
dhari,धारी,धारी
dhuan,धुआं,धुआं
dhunaai,धुनाई,धुनाई
dhunai,धुनाई,धुनाई
dhuriya,धुरिया,धुरिया
dhuriyaa,धुरिया,धुरिया
dhuni,धूनी,धुनी
dhairyavaan,धैर्यवान,धैर्यवान
dhairyawan,धैर्यवान,धैर्यवान
dhiryavan,धैर्यवान,धिर्यवान
dhiryawaan,धैर्यवान,धिर्यवान
dhokebaaj,धोखेबाज,धोकेबाज
dhokebaaz,धोखेबाज,धोकेबाज
dhokebaj,धोखेबाज,धोकेबाज
dhokebaz,धोखेबाज,धोकेबाज
dhokhebaaj,धोखेबाज,धोखेबाज
dhokhebaj,धोखेबाज,धोखेबाज
dhona,धोना,ढोना
dhonaa,धोना,ढोना
dhoraaji,धोराजी,धोराजी
dhoraji,धोराजी,धोराजी
dhoron,धोरों,धोरों
dhyeyavaadi,ध्येयवादी,ध्यायवादी
dhyeywadi,ध्येयवादी,ध्यायवादी
dyeyvadi,ध्येयवादी,द्यायवादी
dhrupad,ध्रुपद,धृपद
drupad,ध्रुपद,दृपद
nandanvan,नंदनवन,नंदावन
nadsa,नक्सल,नडसा
naksal,नक्सल,नकसल
naxal,नक्सल,नक्सल
naksalavaad,नक्सलवाद,नक्सलावाद
naksalwaad,नक्सलवाद,नकसलावाद
naksalwad,नक्सलवाद,नकसलवाद
naxalvaaad,नक्सलवाद,नक्सलवाद
naxalwaad,नक्सलवाद,नक्सलवाद
naksaliyon,नक्सलियों,नक्सलियों
naxaliyon,नक्सलियों,नक्सलियों
naksali,नक्सली,नकसली
naxali,नक्सली,नक्सली
nagaada,नगाड़ा,नगड़ा
nagaadaa,नगाड़ा,नगदा
nagaaraa,नगाड़ा,नगरा
nageene,नगीने,नगीने
nagine,नगीने,नगीन
najarandaaj,नजरंदाज,नज़रंदाज
najarandaaz,नजरंदाज,नज़रंदाज
nazarandaaj,नजरंदाज,नज़रंदाज
nazarandaaz,नजरंदाज,नज़रंदाज
nazarandaz,नजरंदाज,नज़रंदाज
najraane,नजराने,नजराने
nazraane,नजराने,नज़राने
najariyon,नजरियों,नज़रियों
najriyon,नजरियों,नजरियों
najron,नजरों,नजरों
najeeb,नजीब,नजीब
najib,नजीब,नजीब
najibabaad,नजीबाबाद,नजीबाबाद
najibabad,नजीबाबाद,नजीबाबाद
najeem,नजीम,नजीम
najim,नजीम,नजीम
nazeem,नजीम,नजीम
nana,नना,नाना
nanaa,नना,नाना
nna,नना,नाना
nanhe,नन्हें,नाहे
nanhein,नन्हें,नाहनें
nabj,नब्ज़,नब्ज
nabja,नब्ज़,नब्ज
nabz,नब्ज़,नब्ज
namkeen,नमकीन,नमकीन
namkin,नमकीन,नमकीन
narnaari,नरनारी,नरणारी
narnari,नरनारी,नरनारी
narbhakshi,नरभक्षी,नारभक्षी
naram,नरम,नाराम
narm,नरम,नर्म
narmi,नरमी,नर्मी
narsanhar,नरसंहार,नरसंहर
narsanharon,नरसंहारों,नर्शनारों
november,नवंबर,नोवेबर
navketan,नवकेतन,नवकेटन
navjaagaran,नवजागरण,नवजागरण
navjagran,नवजागरण,नवजाग्रण
navdha,नवधा,नवधा
navvadhoo,नववधू,नववाद्यु
navvadhu,नववधू,नववाधु
nava,नवा,नवा
navaa,नवा,नवा
navate,नवाते,नवाते
navanagar,नवानगर,नवनगर
nawanagar,नवानगर,नवनगर
navya,नव्या,नव्य
naseem,नसीम,नसीम
nasim,नसीम,नसीम
nights,नाइट्रस,नाइट्स
nitrous,नाइट्रस,निटर्स
nineteez,नाइनटीज,निनीटीज
nineties,नाइनटीज,निनेटिस
ninties,नाइनटीज,निंटीज
nau,नाऊ,नौ
nauu,नाऊ,नौ
naakaam,नाकाम,नाकाम
nakam,नाकाम,नाकम
naagrik,नागारिक,नाग्रिक
nagarik,नागारिक,नगरिक
nagrik,नागारिक,नगरीक
nagin,नागिन,नगीन
nadep,नाडेप,नदेप
nanak,नानक,नानक
nanavati,नानावती,नानवती
napane,नापने,नापने
napne,नापने,नापने
napa,नापा,नापा
naam,नाम,नाम
naamdhari,नामधारी,नामधारी
namdhari,नामधारी,नामधारी
namankano,नामांकनों,नामानकों
namankanon,नामांकनों,नामांकनों
namavaliyon,नामावलियों,नामवालियों
naamo,नामो,नामो
namo,नामो,नामो
nayak,नायक,नायक
naraji,नाराजी,नाराजी
naraingarh,नारायणगढ़,नारंगढ़
narayangadh,नारायणगढ़,नारायंध
narayangarh,नारायणगढ़,नारयंगर
naasar,नासर,नासर
nahargadh,नाहरगढ,नहरगढ़
nahargarh,नाहरगढ,नहरगढ़
nikalegi,निकलेगी,निकालेगी
nikalogi,निकलेगी,निकालोगी
nikaalani,निकालनी,निकालनी
nikaalni,निकालनी,निकाली
nikalani,निकालनी,निकाली
nikalni,निकालनी,निकाली
nicki,निकी,निकी
nicky,निकी,निकी
niki,निकी,निकी
niketan,निकेतन,निकेतन
nikhar,निखर,निखार
nikhari,निखरी,निखारी
nigar,निगर,निगर
nigger,निगर,नाइगर
nichala,निचला,निचला
nichalaa,निचला,निचला
nichla,निचला,निचला
nitiyon,नितियों,नितियों
nitya,नित्या,नित्य
nityaa,नित्या,नित्या
nidhaan,निधान,निधान
nidhan,निधान,निधन
nipatara,निपटारा,निपतारा
niptaara,निपटारा,निपटारा
niptaaraa,निपटारा,निपटारा
niptara,निपटारा,निपटारा
niyanta,नियंता,नियंता
niyantaa,नियंता,नियंता
niya,निया,निया
niyaa,निया,निया
nirdeshika,निर्देशिका,निर्देशिका
nirdeshikaa,निर्देशिका,निर्देशिका
nirdhaarit,निर्धारित,निर्धारित
nirdharit,निर्धारित,निर्धारित
nirbaadh,निर्बाध,निर्बाध
nirbadh,निर्बाध,निर्बाध
niveshakartaa,निवेशकर्ता,निवेशाकृता
niveshkarta,निवेशकर्ता,निवेशक्रता
niveshkartaa,निवेशकर्ता,निवेशक्रता
nischal,निश्चल,निश्चल
nishchal,निश्चल,निश्चल
nishnaat,निष्णात,निश्नात
nishpaap,निष्पाप,निषपाप
nihalaani,निहलानी,निहालानी
nihlaani,निहलानी,निहलानी
nihlani,निहलानी,निहलानी
nihaalchand,निहालचंद,निहालचंद
nihalchand,निहालचंद,निहालचंद
neechaaee,नीचाई,नीचाई
nichaai,नीचाई,निचाई
neat,नीट,नीत
neet,नीट,नीत
neetiyon,नीतियों,नीतियों
nitiyon,नीतियों,नितियों
neelagaay,नीलगाय,नीलागय
nilgai,नीलगाय,निलगाई
neelaabh,नीलाभ,नीलाभ
nilaabh,नीलाभ,निलाभ
nilabh,नीलाभ,निलाभ
nuskhe,नुस्खे,नुश्खे
noon,नून,नून
nun,नून,नून
noobiyaa,नूबिया,नूबिया
nubiya,नूबिया,नुबिया
nrityashaili,नृत्यशैली,नृत्यशाली
nrutyashaili,नृत्यशैली,नृत्यशाली
nrityon,नृत्यों,नृत्यों
nrutyon,नृत्यों,नृत्यों
neco,नेको,नेको
neko,नेको,नेको
nectar,नेक्टर,नेक्टर
neg,नेग,नेग
nega,नेग,नेगा
networking,नेटवर्किग,नेटवर्किंग
neto,नेटो,नेटो
neta,नेता,नेता
nemo,नेमो,नेमो
nelsan,नेल्सन,नेल्सन
nelson,नेल्सन,नेल्सन
nations,नेशंस,नाइटोंस
nehara,नेहरा,नेहरा
nehra,नेहरा,नेहरा
naino,नैनो,नाइनो
nano,नैनो,नानो
naivedh,नैवेद्य,नैवेद
naivegh,नैवेद्य,नैवेग
nevedya,नैवेद्य,नेवदीय
nominate,नॉमिनेट,नोमिनेट
naukari,नोकरी,नौकारी
naukri,नोकरी,नौकरी
nokari,नोकरी,नोकारी
nokri,नोकरी,नोकरी
notes,नोट्स,नोट्स
nora,नोरा,नोरा
nori,नोरी,नोरी
nauner,नौनेर,नौनर
nauvahan,नौवहन,नौवाहन
naushad,नौशाद,नौशाद
panchaang,पंचांग,पंचांग
panchang,पंचांग,पंचांग
punchang,पंचांग,पंचांग
punjab,पंजाब,पुंजब
punjabiyon,पंजाबियों,पुंजबियों
pantar,पंटर,पंतर
panter,पंटर,पैंटर
punter,पंटर,पंटर
pakaayein,पकाएं,पकाएं
pakaayen,पकाएं,पकाएं
pakaen,पकाएं,पकाएं
pakayen,पकाएं,पकाएं
pakaude,पकौड़े,पकौड़े
pakshapat,पक्षपात,पक्षापत
pakshpaat,पक्षपात,पक्षपात
pakshpat,पक्षपात,पक्षपत
pagabadha,पगबाधा,पगबधा
pagbadha,पगबाधा,पगबधा
pagalaa,पगला,पगला
pagla,पगला,पगला
pachaataa,पचाता,पचाता
pachata,पचाता,पचाता
patakkar,पटककर,पटककर
patkathaayein,पटकथाएं,पट्कथाएं
patkathaein,पटकथाएं,पटकथाएं
patkathayen,पटकथाएं,पटकथाएं
patki,पटकी,पटकी
pataraani,पटरानी,पतरानी
patrani,पटरानी,पत्रणी
patavaari,पटवारी,पतवारी
patwari,पटवारी,पतवारी
pataakshep,पटाक्षेप,पतकक्ष
patachep,पटाक्षेप,पटचेप
patakshep,पटाक्षेप,पतक्षेप
patiya,पटिया,पटिया
patiyaa,पटिया,पटिया
padaraunaa,पडरौना,पदारौना
padrauna,पडरौना,पद्रौना
padega,पड़ेगा,पदेगा
padegaa,पड़ेगा,पदेगा
padha,पढ़ा,पढ़ा
padhaa,पढ़ा,पढ़ा
padhaataa,पढ़ाता,पढ़ता
padhata,पढ़ाता,पढ़ता
patili,पतीली,पटिली
padamawati,पदमावती,पदमावती
padmavati,पदमावती,पद्मावती
padmawati,पदमावती,पद्मावती
padadhikari,पदाधिकारी,पदाधिकारी
panapnaa,पनपना,पनपना
panpana,पनपना,पंपना
panaamaa,पनामा,पनामा
panama,पनामा,पनामा
paneer,पनीर,पनीर
pammi,पम्मी,पम्मी
pammu,पम्मी,पम्मू
pummi,पम्मी,पुम्मी
pummy,पम्मी,पुम्मी
pardesiyon,परदेसियों,परदेशियों
pardesi,परदेसी,परदेसी
parva,परवा,परवा
parvaa,परवा,परवा
parwa,परवा,परवा
parwaa,परवा,परवा
paraadheen,पराधीन,पराधीन
paraadhin,पराधीन,पराधीन
paradheen,पराधीन,पराधीन
paradhin,पराधीन,पराधीन
parikalpit,परिकल्पित,परिकालित
parimal,परिमल,परिमल
parishad,परिषद,परिशाद
parishadiy,परिषदीय,परिशादीय
parishadiya,परिषदीय,परिशादिया
parishadon,परिषदों,परिशादों
parikhaen,परीक्षाएं,परिखाएं
parikshaayein,परीक्षाएं,परिक्षाएं
parikshaen,परीक्षाएं,परिक्षाएं
parosane,परोसने,परोसने
parosne,परोसने,परोसने
parda,पर्दा,परदा
pardaa,पर्दा,परदा
purple,पर्पल,पुर्पल
palatne,पलटने,पालतने
paltane,पलटने,पालतने
palaari,पलारी,पलारी
palari,पलारी,पलारी
pale,पले,पाले
palmonari,पल्मोनरी,पल्मोनारी
pulmonary,पल्मोनरी,पुल्मोनरी
plus,पल्स,प्लस
pulse,पल्स,पुल्स
pashtun,पश्तून,पश्तुन
pashtuun,पश्तून,पशुतुओं
pahan,पहन,पहन
pehan,पहन,पहन
pahantaa,पहनता,पहंता
pahnata,पहनता,पहनता
pehnate,पहनता,पहनाते
pahanate,पहनते,पहनाते
pahante,पहनते,पहंते
pehnate,पहनते,पहनाते
pahnaakar,पहनाकर,पहनाकर
pahnakar,पहनाकर,पहनाकर
pehnakar,पहनाकर,पहनाकर
pahnaati,पहनाती,पहनाती
pahnati,पहनाती,पहनती
pehnati,पहनाती,पहनाती
pahani,पहनी,पहानी
pahni,पहनी,पहनी
pehni,पहनी,पहनी
pahno,पहनो,पहनो
pehno,पहनो,पहनो
pahla,पहला,पहला
pahlaa,पहला,पहला
pehla,पहला,पहला
paheliyaan,पहेलियां,पहेलियां
paheliyan,पहेलियां,पहेलियां
paheliyon,पहेलियों,पहेलियों
pide,पाइड,पीड
pied,पाइड,पीड
pythagoras,पाइथागोरस,प्थागोरास
pythogaras,पाइथागोरस,प्योगारास
paakhandi,पाखंडी,पाखंडी
pakhandi,पाखंडी,पखंडी
paathshaalaayein,पाठशालाएं,पाठशालाएं
pathshalayein,पाठशालाएं,पाठशालाएं
pathshalayen,पाठशालाएं,पाठशालाएं
paathyakram,पाठ्यक्रम,पाठ्यकर्म
pathyakram,पाठ्यक्रम,पाठ्यकर्म
pathykram,पाठ्यक्रम,पाथ्यक्रम
paathyakramon,पाठ्यक्रमों,पाठ्यकर्मों
pathyakramon,पाठ्यक्रमों,पथ्यक्रमों
pathykramon,पाठ्यक्रमों,पाथ्यक्रमों
population,पापुलेशन,पोपुलेशन
pailot,पायलट,पैलोट
pilot,पायलट,पिलोट
pailoton,पायलटों,पैलोटों
piloton,पायलटों,पिलोटों
paarampariktaa,पारंपरिकता,पारंपरिकता
paramparikata,पारंपरिकता,परंपारिकता
paramparikta,पारंपरिकता,परंपरिकता
parnel,पार्नेल,परनेल
parnell,पार्नेल,पैर्नल
parleron,पार्लरों,परलेरों
parloron,पार्लरों,पर्लोरों
parlouron,पार्लरों,परलोरों
paarshad,पार्षद,पारशाद
parshad,पार्षद,परशाद
paarshadon,पार्षदों,पार्शदों
parshadon,पार्षदों,पर्शदों
parshdon,पार्षदों,पर्शदों
policy,पालिसी,पॉलिसी
pinta,पिंटा,पिंटा
pintaa,पिंटा,पिंता
piega,पिएगा,पीगा
piyegaa,पिएगा,पियेगा
pic,पिक,पिक
pick,पिक,पिक
pik,पिक,पीक
piki,पिकी,पिकी
piky,पिकी,पिकी
picture,पिक्चर,पिक्चर
pigmentation,पिगमेंटेशन,पिग्मेंशन
pigs,पिग्स,पिज
pichde,पिछड़े,पिछड़े
pichhade,पिछड़े,पिछड़े
pijja,पिज्जा,पिज़ा
pizza,पिज्जा,पिज़ा
pitaamaha,पितामह,पितामा
pitamah,पितामह,पितामह
pipra,पिपरा,पिप्रा
pipraa,पिपरा,पिप्रा
pipli,पिपली,पिपली
pearson,पियरसन,पियर्सन
pierson,पियरसन,पियर्सन
peary,पियरी,पियरी
piyari,पियरी,पियारी
pisaai,पिसाई,पिसाई
pisai,पिसाई,पिसाई
pihaani,पिहानी,पिहानी
pihani,पिहानी,पिहानी
pib,पीआईबी,पीब
pr,पीआर,पीआर
pml,पीएमएल,पीएमएल
pmo,पीएमओ,पीएम
pmch,पीएमसीएच,पीएचची
psv,पीएसवी,पीएसवी
peaking,पीकिंग,पीकिंग
picking,पीकिंग,पिकिंग
peetne,पीटने,पीटने
pitne,पीटने,पिटने
pedia,पीडिया,पेडिया
pidiya,पीडिया,पीढिया
pidiyaa,पीडिया,पीडिया
peelepan,पीलेपन,पीलेपन
pilepan,पीलेपन,पिलेपन
pv,पीवी,पीवी
pisa,पीसा,पिसा
putla,पुतला,पुटला
putlaa,पुतला,पुतला
putaliyaan,पुतलियां,पुटालियां
putliyan,पुतलियां,पुट्लियां
putaliyon,पुतलियों,पुटालियों
putliyon,पुतलियों,पुट्लियों
putali,पुतली,पुताली
putli,पुतली,पुटली
putale,पुतले,पुटले
putle,पुतले,पुटले
putin,पुतिन,पुटिन
putul,पुतुल,पुटुल
punargathan,पुनर्गठन,पुनरगाथन
puna,पुना,पूना
puraane,पुराने,पुराने
purane,पुराने,पुराने
puru,पुरू,पुरु
purjon,पुर्जों,पुर्जों
purzon,पुर्जों,पुर्जों
pulam,पुलम,पुलाम
pushkin,पुश्किन,पुष्किन
pushkarana,पुष्करणा,पुष्करण
pushkarna,पुष्करणा,पुष्करण
pushkarnaa,पुष्करणा,पुष्करणा
pushp,पुष्प,पुष्प
pushpa,पुष्प,पुष्पा
pushpa,पुष्पा,पुष्पा
pushpaa,पुष्पा,पुषपा
pushpit,पुष्पित,पुष्पित
pushpon,पुष्पों,पुशपों
poonjikaran,पूंजीकरण,पूंजीकरण
punjikaran,पूंजीकरण,पुंजीकरण
poojaapaath,पूजापाठ,पूजापाठ
poojapath,पूजापाठ,पूजापठ
pujapath,पूजापाठ,पुजाप
pooranpur,पूरनपुर,पूरानपुर
puranpur,पूरनपुर,पुरानपुर
purvaabhaas,पूर्वाभास,पूर्वाभास
purvaabhas,पूर्वाभास,पूर्वाभास
purvabhaas,पूर्वाभास,पूर्वाभास
purvabhas,पूर्वाभास,पूर्वाभास
pendulam,पेंडुलम,पेंदुलम
pendulum,पेंडुलम,पेंदुलम
peg,पेग,पेग
pages,पेजेज,पेज
pajej,पेजेज,पजेज
pace,पेस,पेस
pes,पेस,पेस
pastry,पेस्ट्री,पास्ट्री
pangolin,पैंगोलिन,पंगोलिन
pengolin,पैंगोलिन,पैंगोलिन
packard,पैकर्ड,पैकडर्ड
package,पैकेज,पाकगे
packageon,पैकेजों,पैकगें
packagon,पैकेजों,पैकगों
packajon,पैकेजों,पक्ाजों
paim,पैम,पैम
pam,पैम,पम
paratrooper,पैराट्रूपर,परत्रूप
peratrupers,पैराट्रूपर,परतरपूर्स
paranormal,पैरानॉर्मल,परणोरमल
peranormal,पैरानॉर्मल,परिनार्ल
paraffin,पैराफिन,परफफीन
parafin,पैराफिन,परफीन
perafin,पैराफिन,परफाइं
parabola,पैराबोला,परबोला
perabola,पैराबोला,पेरबोला
polimer,पॉलिमर,पोलीमर
polymer,पॉलिमर,पॉलियर
polishing,पॉलिशिंग,पोलिशिंग
pokar,पोकर,पोकर
poker,पोकर,पोकर
polish,पोलिश,पोलिश
poshit,पोषित,पोशित
posta,पोस्ता,पोस्टा
pau,पौ,पौ
pyade,प्यादे,प्याड
prakriya,प्रक्रिया,प्रकृय
prakshepak,प्रक्षेपक,प्रक्षेपक
pratigya,प्रतिज्ञा,प्रतिग्य
prtigyaa,प्रतिज्ञा,प्रतिग्या
pratibhutiyan,प्रतिभूतियां,प्रतिभूतियां
pratiyon,प्रतियों,प्रतियों
prativaad,प्रतिवाद,प्रतिवाद
prativad,प्रतिवाद,प्रतिवाद
prativadi,प्रतिवादी,प्रतिवादी
pratishat,प्रतिशत,प्रतिषात
praneet,प्रनीत,प्रणीत
pranit,प्रनीत,प्रणित
prapaat,प्रपात,प्रपात
prapat,प्रपात,प्रपात
prapaaton,प्रपातों,प्रपातों
prapaton,प्रपातों,प्रपतों
prabodhini,प्रबोधिनी,प्रबोधिनी
prayaasrat,प्रयासरत,प्रयास्त
prayasarat,प्रयासरत,प्रयासरत
pradarshan,प्रर्दशन,प्रदर्शन
prardashan,प्रर्दशन,प्रदर्शन
pravati,प्रवत्ति,प्रवती
pravatti,प्रवत्ति,प्रवत्ति
prashaasanik,प्रशासनिक,प्रशासानिक
prashasanik,प्रशासनिक,प्रशासनिक
prashasnik,प्रशासनिक,प्रशासनिक
prashaasanon,प्रशासनों,प्रशासनों
prashansanon,प्रशासनों,प्रशंसन
prashasanon,प्रशासनों,प्रशासनों
prashikshu,प्रशिक्षु,प्रशिकूष
prastaavon,प्रस्तावों,प्रस्तावों
prastavon,प्रस्तावों,प्रस्तवों
prahlaad,प्रहलाद,प्रहलाद
prahlad,प्रहलाद,प्रहलाद
prahasan,प्रहसन,प्रहासन
prahsan,प्रहसन,प्रहासन
prahaarak,प्रहारक,प्रहारक
praharak,प्रहारक,प्रहारक
prahad,प्रह्लाद,प्रहाद
prahlad,प्रह्लाद,प्रहलाद
privacy,प्राइवेसी,प्रविकी
praakkathan,प्राक्कथन,प्रकक्थन
prakkathan,प्राक्कथन,प्रकक्थन
praan,प्राण,प्राण
pran,प्राण,प्रण
pranon,प्राणों,प्रणों
prathamik,प्राथमिक,प्रथामिक
prathmik,प्राथमिक,प्रथामिक
praathmikata,प्राथमिकता,प्राथामिकता
prathmikta,प्राथमिकता,प्रथामिकता
prathmiki,प्राथमिकी,प्रथामिकी
pradhyapakon,प्राध्यापकों,प्रध्यापकों
prapt,प्राप्त,प्रप्त
prapta,प्राप्त,प्रपता
prapti,प्राप्ती,प्रपति
praroop,प्रारूप,प्रपूप
prarup,प्रारूप,प्रापु
priyamani,प्रियामणि,प्रियामनी
proof,प्रूफ,प्रूफ
pruf,प्रूफ,प्रुफ
prekshakon,प्रेक्षकों,प्रेक्षकों
prem,प्रेम,प्रेम
premlata,प्रेमलता,प्रेमलता
prema,प्रेमा,प्रेमा
premi,प्रेमी,प्रेमी
profit,प्रॉफिट,प्रोफिट
processing,प्रॉसेसिंग,प्रोसेसिंग
programers,प्रोग्रामर्स,प्रोगर्मर्स
programmers,प्रोग्रामर्स,प्रोग्रामर्स
programs,प्रोग्रामर्स,प्रोग्राम्स
proto,प्रोटो,प्रोटो
propellant,प्रोपेलेंट,प्रोप्लेंट
propellent,प्रोपेलेंट,प्रोपलेंट
praudh,प्रौढ,प्रौढ
proud,प्रौढ,प्रौड
plan,प्लेन,प्लान
plane,प्लेन,प्लाने
fund,फंड,फूंड
funda,फंडा,फूंडा
funding,फंडिंग,फुंडिंग
fandon,फंदों,फैंडों
fagua,फगुआ,फागुआ
fatane,फटने,फटाने
phatane,फटने,फटने
phatne,फटने,फटने
fadfadata,फड़फड़ाता,फड़फाड़ता
phadphadata,फड़फड़ाता,फड़फड़ता
fatehgadh,फतेहगढ़,फतेहगढ़
fatehgarh,फतेहगढ़,फतेहगढ़
fabti,फब्ती,फब्ती
phabti,फब्ती,फबती
farse,फरसे,फर्स
pharase,फरसे,फरासे
pharse,फरसे,फर्स
farheen,फरहीन,फरहीं
farhin,फरहीन,फरहीं
farth,फर्थ,फर्थ
ferth,फर्थ,फर्थ
pharth,फर्थ,फर्थ
farmion,फर्मिऑन,फर्मियन
fermion,फर्मिऑन,फर्मियन
firmian,फर्मिऑन,फिर्मियन
farookhabad,फर्रुखाबाद,फरुखाबाद
farrukhabad,फर्रुखाबाद,फरुखाबाद
farukhabad,फर्रुखाबाद,फरुखाबाद
farookhnagar,फर्रूखनगर,फरुखनागर
farrukhnagar,फर्रूखनगर,फररफनंगर
farukhnagar,फर्रूखनगर,फरुखनार
falata,फलता,फलाता
falta,फलता,फलता
phalata,फलता,फलता
falne,फलने,फालने
phalne,फलने,फलने
falitarth,फलितार्थ,फलितार्थ
phalitartha,फलितार्थ,फलित्रथा
falibhoot,फलीभूत,फलीभूत
falibhut,फलीभूत,फलीभूत
phalibhoot,फलीभूत,फलीभूत
favvara,फव्वारा,फववारा
fawaara,फव्वारा,फवारा
favvare,फव्वारे,फववेयर
fawaare,फव्वारे,फवारे
favvaron,फव्वारों,फवववरों
fawaaron,फव्वारों,फवारों
faisala,फ़ैसला,फैसला
faisla,फ़ैसला,फैसला
follow,फ़ॉलो,फोलो
faansi,फांसी,फांसी
fansi,फांसी,फैंसी
fatama,फातमा,फटामा
fatma,फातमा,फटमा
faaf,फाफ,फाफ
phaaph,फाफ,फाफ
farsi,फारसी,फरसी
forcee,फारसी,फॉर्सी
farm,फार्म,फर्म
form,फार्म,फोर्म
farmic,फार्मिक,फर्मिक
formic,फार्मिक,फॉर्मिक
formulae,फार्मूले,फोर्मोलाई
formule,फार्मूले,फॉर्मल
formuley,फार्मूले,फॉर्मल
pharmacy,फार्मेसी,फर्मासी
pharma,फार्मों,फर्मा
pharmon,फार्मों,फर्मों
farms,फार्म्स,फर्म्स
finger,फिंगर,फिंगर
fikra,फिक्र,फिक्र
physician,फिजिशियन,फाइसियां
firti,फिरती,फिर्टी
fisla,फिसला,फिसला
fislaa,फिसला,फिस्ला
feeder,फीडर,फीडर
fulaaye,फुलाए,फुलाए
fulae,फुलाए,फुलाई
fulay,फुलाए,फुलाय
furti,फूर्ति,फर्टी
phurti,फूर्ति,फूर्ती
fus,फूस,फुस
phoos,फूस,फूस
phus,फूस,फुस
feka,फेका,फेका
fefada,फेफड़ा,फेफाडा
fefda,फेफड़ा,फेफडा
facial,फेशियल,फैसल
fact,फैक्ट,फैक्ट
federal,फैडरल,फेडरल
failkar,फैलकर,फैलकर
failaaiye,फैलाइए,फैलाई
failaea,फैलाइए,फैलाई
failaiya,फैलाइए,फैलाईया
failaiye,फैलाइए,फैलाई
failegi,फैलेगी,फैलेगी
font,फॉन्ट,फॉंट
fogat,फोगाट,फोगत
phogat,फोगाट,फोगत
fod,फोड़,फोड
phod,फोड़,फोड
foda,फोड़ा,फोडा
fodaa,फोड़ा,फोडा
phoda,फोड़ा,फोडा
fode,फोड़े,फोड
phode,फोड़े,फोडे
fodo,फोड़ों,फोडो
fodon,फोड़ों,फोडों
phodo,फोड़ों,फोडो
fortis,फोर्टिस,फोर्टिस
fusion,फ्यूजन,फुसियों
fuji,फ्यूजी,फुजी
fyuji,फ्यूजी,फ्यूजी
francisca,फ्रांसिस्का,फ्रेंसिका
franciska,फ्रांसिस्का,फ्रांसिका
fransiska,फ्रांसिस्का,फ्रांसिका
francisco,फ्रांसिस्को,फ्रांसिकोस
francisko,फ्रांसिस्को,फ्रांसिकोस
fransisko,फ्रांसिस्को,फ्रांसिकोस
fringe,फ्रिंज,फ्रिंग
friendship,फ्रेंडशिप,फ्रेंशीप
frost,फ्रॉस्ट,फ्रोस्ट
flin,फ्लिन,फ्लाइन
flynn,फ्लिन,फ्लाइन
flesh,फ्लेश,फ्लेश
bang,बंग,बंग
bung,बंग,बंग
bangbandhu,बंगबंधु,बंगबंध
bangbhang,बंगभंग,बंगभांग
bangash,बंगश,बंगश
bangsh,बंगश,बंंश
bantane,बंटने,बंटने
bantne,बंटने,बैंटने
bandhati,बंधती,बंधती
bandhti,बंधती,बंधति
bandhan,बंधान,बंधन
bandhuon,बंधुओं,बंधुओं
bamba,बंबा,बांबा
mumba,बंबा,मुंबा
bakaayon,बकायों,बकायों
bakayon,बकायों,बकायों
bakaul,बकौल,बकौल
bakoul,बकौल,बकौल
baksa,बक्सा,बकसा
baksi,बक्सी,बकसी
bakse,बक्से,बकसे
bakhshane,बख्शने,बख्शाने
bakhshne,बख्शने,बख्शने
bagad,बगड़,बाग
bagd,बगड़,बाग
bageechi,बगीची,बगीची
bagichi,बगीची,बगीची
bachat,बचत,बचात
bachati,बचती,बचाती
bachti,बचती,बचती
bajana,बजना,बजाना
bajrangi,बजरंगी,बजरंगी
bajaj,बजाज,बजज
batalvi,बटालवी,बतलवी
badhachadhakar,बढ़ाचढ़ाकर,बढ़चाधकर
badata,बढ़ाता,बड़ता
badhaataa,बढ़ाता,बढ़ता
badhata,बढ़ाता,बढ़ता
badhaati,बढ़ाती,बढ़ाती
badhati,बढ़ाती,बढ़ती
badhayi,बढ़ायी,बढ़ाई
badhav,बढ़ाव,बाधव
badhotari,बढ़ोतरी,बाधोतरी
badhotri,बढ़ोतरी,बाधोत्री
batlaae,बतलाए,बटलाए
batlaaye,बतलाए,बटलाए
batlae,बतलाए,बटलाई
batlaye,बतलाए,बटलाए
batlaakar,बतलाकर,बटलाकार
batlakar,बतलाकर,बटलाकर
badlapur,बदलापुर,बदलापुर
badali,बदली,बदली
badli,बदली,बदली
badam,बदाम,बदाम
banva,बनवा,बनवा
banvaa,बनवा,बनवा
banaam,बनाम,बनाम
banam,बनाम,बनाम
bnaam,बनाम,बनाम
baniya,बनिया,बनिया
banu,बनू,बानू
barpaayaa,बरपाया,बरपाया
barpaya,बरपाया,बरपाया
barsa,बरसा,बरसा
barsaata,बरसाता,बरसाता
barsaataa,बरसाता,बरसाता
barsata,बरसाता,बरसता
barhad,बरहद,बरहाद
baraat,बरात,बरात
barat,बरात,बारत
braat,बरात,ब्रात
baraamad,बरामद,बरामद
baramad,बरामद,बरमाद
bramad,बरामद,ब्रमाद
baramade,बरामदे,बरामदे
baramde,बरामदे,बरमदे
bare,बरे,बारे
birth,बर्थ,बीर्थ
baljeet,बलजीत,बलजीत
baljit,बलजीत,बाल्जित
ballabh,बल्लभ,बल्लभ
balla,बल्ला,बल्ला
balli,बल्ली,बाली
basava,बसावा,बसवा
bastiyon,बस्तियों,बस्टियों
bahroopiya,बहरूपिया,बहरूपिया
bahrupiya,बहरूपिया,बहरुपिया
bahamaas,बहामास,बहमास
bahamas,बहामास,बहमास
bahaav,बहाव,बहाव
bahav,बहाव,बहव
bhav,बहाव,भाव
bahavalpur,बहावलपुर,बहवालपुर
bahawalpur,बहावलपुर,बहलापुर
bahuchara,बहुचरा,बहुचारा
banthia,बांठिया,बंठिया
banthiya,बांठिया,बंठिया
bandhate,बांधते,बंधते
bandhte,बांधते,बंधते
banbi,बांबी,बांबी
bombi,बांबी,बोमी
bounceron,बाउंसरों,बाउंसरों
bowling,बाउलिंग,बोलिंग
baku,बाकू,बकू
bakuu,बाकू,बाकु
baag,बाग,बाग
bag,बाग,बाग
bagh,बाग,बाघ
bagabani,बागबानी,बगबानी
bagbani,बागबानी,बागबानी
bagali,बागली,बगली
bagli,बागली,बगली
baagiyon,बागियों,बागियों
bagiyon,बागियों,बाजियों
baago,बागो,बागो
bago,बागो,बागो
baji,बाज़ी,बाजी
bazi,बाज़ी,बाजी
bajaru,बाजारू,बाजरू
bazaru,बाजारू,बाजरू
bajuon,बाजुओं,बाजूओं
badh,बाध,बाध
badha,बाधा,बढ़ा
baadhaaon,बाधाओं,बाधाओं
baadhaon,बाधाओं,बाधाओं
badhaaon,बाधाओं,बढ़ाओं
badhaon,बाधाओं,बढ़ाओं
baadhit,बाधित,बाधित
badhit,बाधित,बढ़ित
baani,बानी,बानी
bani,बानी,बनी
baapa,बापा,बापा
baapaa,बापा,बापा
bapa,बापा,बापा
bapaa,बापा,बापा
baabat,बाबत,बात
babat,बाबत,बात
babt,बाबत,बैट
bayern,बायर्न,बायर
byrun,बायर्न,ब्यूर्न
barah,बारह,बारह
baarahamaasee,बारहमासी,बारहमासी
barahamasi,बारहमासी,बरहामासी
barahmasi,बारहमासी,बरहमासी
barahsinga,बारहसिंगा,बारहसिंगा
barasingha,बारहसिंगा,बारसिंहा
bala,बाला,बला
baalti,बाल्टी,बालती
balti,बाल्टी,बलती
balty,बाल्टी,बाल्टी
baldvin,बाल्डविन,बालदवीं
baldwin,बाल्डविन,बालदवीं
bavaji,बावजी,बावजी
bavji,बावजी,बावजी
baawaraa,बावरा,बावरा
bavra,बावरा,बावरा
bawara,बावरा,बावरा
baahulya,बाहुल्य,बहुल्या
bahuly,बाहुल्य,बहुल्य
bahulya,बाहुल्य,बहुल्या
box,बाॅक्स,बॉक्स
bikherati,बिखेरती,बिखारती
bikherti,बिखेरती,बिखरती
biggest,बिगेस्ट,बिग्सेट
bichhua,बिछुआ,बिछुआ
bichhuaa,बिछुआ,बिछुआ
biji,बिजी,बिजी
busy,बिजी,बसी
buzy,बिजी,बुजी
bipin,बिपिन,बिपीन
bilae,बिलाई,बिलाई
bilai,बिलाई,बिलाई
billa,बिल्ला,बिल्ला
billaa,बिल्ला,बिल्ला
bilhaur,बिल्हौर,बिलहौर
bisva,बिस्वा,बिस्वा
biswa,बिस्वा,बिस्वा
bag,बीएजी,बाग
bikaner,बीकानेर,बिकनर
bikaneri,बीकानेरी,बिकनरी
bk,बीके,बीक
beejak,बीजक,बीजक
bijak,बीजक,बिजक
beef,बीफ,बीफ
beem,बीम,बीम
bim,बीम,बीएम
beemon,बीमों,बीमों
bimon,बीमों,बीमों
beerganj,बीरगंज,बीरगंज
birganj,बीरगंज,बीरगंज
beesavaan,बीसवां,बीसवान
bisavan,बीसवां,बिसवान
bisawan,बीसवां,बिसवान
beast,बीस्ट,बिस्ट
budvig,बुडविग,बुद्वीग
budwig,बुडविग,बुद्वीग
bull,बुल,बुल
bulaao,बुलाओ,बुलाओ
bulao,बुलाओ,बुलाओ
bule,बुले,बुले
bulletin,बुलेटिन,बुलेटें
brijesh,बृजेश,ब्रजेश
benvar,बेंवर,बेनवर
benwar,बेंवर,बेनवर
beaulad,बेऔलाद,बिलौड
bekaaboo,बेकाबू,बेकाबू
bekabu,बेकाबू,बेकाबू
bechakar,बेचकर,बेचाकर
bechkar,बेचकर,बेचकर
bechate,बेचते,बेचते
bechte,बेचते,बेचते
bediyan,बेड़ियां,बेडियां
bethanal,बेथनल,बेथनाल
bethnal,बेथनल,बेथनाल
benis,बेनिस,बेनिस
belacha,बेलचा,बेलचा
belcha,बेलचा,बेल्चा
belinda,बेलिंडा,बेलिंदा
bevkufana,बेवकूफाना,बेवकुफाना
bewakoofaanaa,बेवकूफाना,बेवौकापा
bewkufana,बेवकूफाना,बेवुकाना
besahaaraa,बेसहारा,बेशारा
besahara,बेसहारा,बेशारा
basin,बेसिन,बासीन
besin,बेसिन,बेसिन
basil,बेसिल,बासिल
besil,बेसिल,बेसिल
bandage,बैंडेज,बंदगे
bandej,बैंडेज,बंदेज
baithantey,बैठते,बैठनते
baithate,बैठते,बैठते
baitool,बैतूल,बैटूल
baitul,बैतूल,बैतुल
betul,बैतूल,बेटुल
baini,बैनी,बैनी
beni,बैनी,बेनी
bairakpur,बैरकपुर,बैरकपुर
barrackpore,बैरकपुर,बर्कापोर
baila,बैला,बैला
bella,बैला,बेल्ला
ballistic,बैलिस्टिक,बैल्सिटिक
bells,बैल्स,बेल्स
bostan,बॉस्टन,बोस्टन
bosten,बॉस्टन,बोस्टन
boston,बॉस्टन,बोस्टन
bokaro,बोकारो,बोकरों
bodara,बोदरा,बोदारा
bodra,बोदरा,बोद्र
bodraa,बोदरा,बोद्रा
bona,बोना,बोना
borkar,बोरकर,बोरकर
borivali,बोरीवली,बोरिवाली
boriwali,बोरीवली,बोरिवाली
born,बोर्न,बॉर्न
bolane,बोलने,बोलने
boliae,बोलिए,बोलियाई
boliy,बोलिए,बोलीय
boliye,बोलिए,बोलीय
bosaan,बोसान,बोसन
bosan,बोसान,बोसन
bauni,बौनी,बौनी
bouni,बौनी,बौनी
byaawa,ब्यावर,ब्यावा
byavar,ब्यावर,ब्यावर
brajesh,ब्रजेश,ब्रजेश
brijesh,ब्रजेश,ब्रजेश
brahmalin,ब्रह्मलीन,ब्रह्मलीन
brahmleen,ब्रह्मलीन,ब्रह्मलीन
brahmlin,ब्रह्मलीन,ब्रह्मलीन
bravo,ब्रावो,ब्रावो
brigatn,ब्रिगटन,ब्राग्टन
brighton,ब्रिगटन,बृघटों
brigton,ब्रिगटन,ब्रग्टन
brigadier,ब्रिगेडियर,ब्रगीडर
britain,ब्रिटेन,ब्राइटन
breed,ब्रीद,ब्रीड
brock,ब्रोक,ब्रॉक
brok,ब्रोक,ब्रॉक
broke,ब्रोक,ब्रोक
brocken,ब्रोकन,ब्रॉकन
broken,ब्रोकन,ब्रॉकन
blosam,ब्लॉसम,ब्लोसम
blossom,ब्लॉसम,ब्लॉस्स
bhagaane,भगाने,भगाने
bhagane,भगाने,भगाने
bhadakaaya,भड़काया,भड़काया
bhadakaya,भड़काया,भड़काया
bhadkaayaa,भड़काया,भड़काया
bhadkaya,भड़काया,भड़काया
bharakaaya,भड़काया,भड़काया
bharakaya,भड़काया,भड़काया
bhabhoot,भभूत,भाभूत
bhabhut,भभूत,भाभूत
bhay,भय,भाय
bhaya,भय,भाया
bhayo,भयो,भायो
bharatanatyam,भरतनाट्यम्,भारतानत्यम
bharatnatyam,भरतनाट्यम्,भारतनात्यम
bhartnatyam,भरतनाट्यम्,भर्तनात्यम
bharate,भरते,भारते
bharte,भरते,भारते
bharani,भरनी,भरानी
bharni,भरनी,भरणी
bharane,भरने,भराने
bharne,भरने,भरने
bhara,भरा,भारा
bhavishya,भविष्य,भविष्य
bhaate,भाते,भाते
bhate,भाते,भाते
bhanu,भानू,भानु
bhabar,भाबर,भाबर
bhareeye,भारीय,भारीय
bhariy,भारीय,भारीय
bhavanaon,भावनाओं,भवानाओं
bhavnaon,भावनाओं,भवनाओं
bhaskar,भास्कर,भस्कर
bheed,भीड़,भीड
bheera,भीरा,भीरा
bhira,भीरा,भीरा
bheesham,भीष्म,भीषम
bhisham,भीष्म,भिशम
bhishm,भीष्म,भिश्म
bhugat,भुगत,भुगत
bhugata,भुगता,भुगता
bhugta,भुगता,भुगता
bhutto,भुट्टो,भुट्टो
bhumi,भुमि,भूमी
bhurbhura,भुरभुरा,भूरभरा
bhookh,भूख,भूख
bhukh,भूख,भुख
bhookhi,भूखी,भूखी
bhukhi,भूखी,भुखी
bhoogol,भूगोल,भूगोल
bhugol,भूगोल,भगोल
bhootal,भूतल,भूटल
bhutal,भूतल,भुटल
bhoopsingh,भूपसिंह,भूपसिंह
bhupsingh,भूपसिंह,भुपसिंह
bhumi,भूमी,भूमी
bhumika,भूमी,भूमिका
bhulata,भूलता,भुलता
bhulataa,भूलता,भुलता
bhulta,भूलता,भुलता
bhula,भूला,भुला
bhulaa,भूला,भुला
bhooli,भूली,भूली
bhuli,भूली,भुली
bhulo,भूलो,भुलो
bhulon,भूलों,भूलों
bhusi,भूसी,भुसी
bhooswaami,भूस्वामी,भूसवामी
bhusvami,भूस्वामी,भुस्वामी
bhuswami,भूस्वामी,भुसवामी
bhengapan,भेंगापन,भेंगपन
bhairavnath,भैरवनाथ,भैरावनाथ
bhairo,भैरो,भैरो
bhogatey,भोगते,भोगते
bhogte,भोगते,भोगते
bhola,भोला,भोला
bholi,भोली,भोली
bholu,भोलू,भोलू
bhaunho,भौंहों,भौन्हों
bhaunhon,भौंहों,भौन्हों
bhoonhon,भौंहों,भूनों
bhraant,भ्रांत,भ्रांत
bhrant,भ्रांत,भ्रांत
brant,भ्रांत,ब्रांट
bhraanti,भ्रांति,भ्रांति
bhranti,भ्रांति,भ्रांति
branti,भ्रांति,ब्रांटी
bhraantiyan,भ्रांतियां,भ्रांतियां
bhrantiyan,भ्रांतियां,भ्रांतियां
bhraantiyon,भ्रांतियों,भ्रांतियों
bhrantiyon,भ्रांतियों,भ्रांतियों
mangesh,मंगेश,मंगेश
manch,मंच,मांच
manchit,मंचित,मंचित
mancheeye,मंचीय,मंचीय
manchiy,मंचीय,मांचीय
manchiya,मंचीय,मंचिया
manchon,मंचों,मांचों
manjil,मंजिल,मंजील
manzil,मंजिल,मंजील
manjila,मंजिला,मंजीला
manzila,मंजिला,मंजीला
manjilein,मंजिलें,मंजीलें
manjilen,मंजिलें,मंजीलें
manzilein,मंजिलें,मंजीलें
manto,मंटो,मांटो
mantriyon,मंत्रियों,मंत्रियों
makrani,मकरानी,मकरानी
maksad,मक्सद,मकसद
makhdumpur,मखदुमपुर,मखदुपुर
machaaye,मचाए,मछाए
machae,मचाए,मचाई
machaye,मचाए,मचाये
machaanon,मचानों,मचानों
machanno,मचानों,मचानों
machano,मचानों,मचानो
machanon,मचानों,मचनों
madaura,मढ़ौरा,मदौरा
madhuara,मढ़ौरा,मधुरा
madhura,मढ़ौरा,मधुरा
manipal,मणिपाल,मनिपाल
matpatron,मतपत्रों,मतपपत्रों
matthe,मत्थे,मट्ठे
matsyavatar,मत्स्यावतार,मत्स्यावर
matsyavtar,मत्स्यावतार,मत्स्यवात्र
masyendranath,मत्स्येंद्रनाथ,मस्यदनदांथ
matsyendranath,मत्स्येंद्रनाथ,मैट्स्रेंदाथ
madhupur,मधुपुर,मधुपुर
manmarji,मनमर्जी,मनमराजी
manae,मनाए,मनाए
manaye,मनाए,मनाए
mnaey,मनाए,मनाए
mam,मम,माम
mum,मम,मूम
maryokar,मयोर्का,मर्योकार
mayorka,मयोर्का,मयोरका
mayorkaa,मयोर्का,मयोरका
mardaani,मरदानी,मरदानी
mardani,मरदानी,मरदानी
marmar,मरमर,मर्मर
murmur,मरमर,मुरमूर
maratha,मराठा,मारथा
marathi,मराठी,मारथी
marji,मर्जी,मर्जी
mardanagi,मर्दानगी,मरदानगी
mardangi,मर्दानगी,मरदांगी
mardo,मर्दों,मार्डो
mardon,मर्दों,मरदों
maryaadaa,मर्यादा,मार्यादा
maryada,मर्यादा,मार्या
maryaadaaon,मर्यादाओं,मर्यादाओं
maryadaon,मर्यादाओं,मर्यदाओं
malaga,मलागा,मलागा
malaar,मलार,मलार
malar,मलार,मालर
mashrak,मशरक,मश्रक
masaaledaar,मसालेदार,मसालेदार
masaledaar,मसालेदार,मसलेदार
masaledar,मसालेदार,मसलेदार
masoor,मसूर,मसूर
masur,मसूर,मसूर
masse,मस्से,मासे
mahakane,महकने,महकाने
mahakne,महकने,महकने
mahkane,महकने,महकाने
mehkane,महकने,महकाने
mahalon,महलों,महालों
mahlon,महलों,महलों
mahagranth,महाग्रंथ,महाग्रंथ
mhagranth,महाग्रंथ,महागरंथ
mahajan,महाजन,महाजन
mhajan,महाजन,महाजन
mahathir,महाथिर,महाहिर
mhathir,महाथिर,महातीर
mahanatam,महानतम,महानतम
mahantam,महानतम,महंतम
mhantam,महानतम,महातम
mahanideshak,महानिदेशक,महानीदेशक
mahanirdeshak,महानिदेशक,महानीरदेशक
mhanideshak,महानिदेशक,महानीदेशक
mahapauron,महापौरों,महापुरों
mhapauron,महापौरों,महापूरों
mahapran,महाप्राण,महाप्रण
mhapran,महाप्राण,महाप्रण
mahamantr,महामंत्र,महामंत्र
mahamantra,महामंत्र,महमांत्र
mhamantra,महामंत्र,महमांत्र
maharaja,महाराजा,महाराजा
mahavigyan,महाविज्ञान,महाविज्ञान
mhavidyan,महाविज्ञान,महाविद्यान
mahavidya,महाविद्या,महाविद्य
mhavidya,महाविद्या,महाविद्य
mahavishnu,महाविष्णु,महाविष्णु
mahasingh,महासिंह,महासिंह
mahasinh,महासिंह,महासिह
mahipal,महिपाल,महिपाल
mahin,महीन,महीं
mahinon,महीनों,महिनों
maang,मांग,मांग
mang,मांग,मंग
mangani,मांगनी,मंगानी
mangni,मांगनी,मंगनी
maanga,मांगा,मांगा
manga,मांगा,मंगा
maangi,मांगी,मांगी
mangi,मांगी,मंगी
maange,मांगे,मांगे
mange,मांगे,मंगे
mango,मांगो,मंगो
maori,माओरी,मौरी
maajin,माजिन,माजीन
majin,माजिन,मजीन
mathe,माथे,माठे
mathey,माथे,माठे
maap,माप,माप
map,माप,माप
mop,माप,मोप
mamooli,मामूली,मामूली
mamuli,मामूली,मामुली
mame,मामे,मामे
maarvaad,मारवाड़,मारवाद
marvad,मारवाड़,मारवाद
marwar,मारवाड़,मारवार
maariya,मारिया,मारिया
mariya,मारिया,मारिया
maariyo,मारियो,मारियों
mario,मारियो,मारियो
mariyo,मारियो,मारियो
martha,मार्था,मार्था
maalish,मालिश,मालिश
malish,मालिश,मलीश
mave,मावे,मावे
mavey,मावे,मावे
maas,मास,मास
mas,मास,मस
mass,मास,मास
maason,मासों,मासों
mason,मासों,मासों
mitaao,मिटाओ,मिताओं
mitao,मिटाओ,मिताओ
mithaai,मिठाई,मिठाई
mithai,मिठाई,मिठाई
media,मिडिया,मेडिया
mithila,मिथिला,मिथिला
mithilanchal,मिथिलांचल,मिथिलंचल
mithya,मिथ्या,मिथ्या
mimicry,मिमिक्री,मिमिक्री
milkiyat,मिल्कियत,मिल्कियत
misha,मिशा,मिशा
mungeri,मुंगेरी,मुंगरी
mundva,मुंडवा,मुंडवा
mundwa,मुंडवा,मुंडवा
munshiganj,मुंशीगंज,मुंशिगंज
mukarte,मुकरते,मुकारते
mukartey,मुकरते,मुकरते
mukhopadhyaya,मुखोपाध्याय,मुखोपद्याय
mukhyopadhyaay,मुखोपाध्याय,मुख्योपद्याय
mukhyamantri,मुख्यमंत्री,मुख्यमंत्री
munaf,मुनाफ,मुनाफ
munafa,मुनाफा,मुनाफा
munnu,मुन्नू,मुन्नु
mufalisi,मुफलिसी,मुफलिसी
muflisi,मुफलिसी,मफलिसी
mubarakpur,मुबारकपुर,मुबारकुर
mubarkpur,मुबारकपुर,मुबरकपुर
murjha,मुर्झा,मुर्झा
multae,मुल्ताई,मूलताई
multai,मुल्ताई,मूलताई
mushahid,मुशाहिद,मुशाहिद
muhavare,मुहावरे,मुहावारे
muhavre,मुहावरे,मुहावरे
mooth,मूठ,मूठ
muth,मूठ,मूठ
mood,मूड,मूद
mud,मूड,मुद
moodi,मूडी,मूदी
moody,मूडी,मूद्य
mool,मूल,मूल
mul,मूल,मूल
moolchand,मूलचंद,मूलचंद
mulchand,मूलचंद,मुलचंद
moolar,मूलर,मूलर
mular,मूलर,मुलार
muller,मूलर,मुल्लर
moolon,मूलों,मूलों
mulon,मूलों,मूलों
maxico,मेक्सिको,मैक्सिको
mexico,मेक्सिको,मेक्सिको
mega,मेगा,मेगा
megapixal,मेगापिक्सल,मेगिपेक्स
megapixel,मेगापिक्सल,मैग्पेक्स
mejbaan,मेजबान,मेजबान
mejban,मेजबान,मेजबन
mezbaan,मेजबान,मेजबान
mejabani,मेजबानी,मेजबनी
mejbaani,मेजबानी,मेजबानी
mejbani,मेजबानी,मेजबनी
mezabani,मेजबानी,मेजबानी
mejbaan,मेज़बान,मेजबान
mejban,मेज़बान,मेजबन
mezbaan,मेज़बान,मेजबान
mejbaani,मेज़बानी,मेजबानी
mejbani,मेज़बानी,मेजबनी
mezbaani,मेज़बानी,मेजबानी
mate,मेट,माते
met,मेट,मेट
mates,मेट्स,मैट्स
medical,मेडीकल,मेडिकल
methanol,मेथेनॉल,मेथानल
menu,मेनू,मेनू
mem,मेम,मेम
melaghaat,मेलघाट,मेलघात
melghat,मेलघाट,मेलघाट
melaanin,मेलानिन,मेलानिन
melanin,मेलानिन,मेलानिन
melaani,मेलानी,मेलानी
melani,मेलानी,मेलानी
maheman,मेहमान,महहमान
mehamaan,मेहमान,मेहमान
mehaman,मेहमान,महहमान
mehmaan,मेहमान,महमान
mehman,मेहमान,महहमान
meharaam,मेहराम,मेहराम
mehram,मेहराम,महराम
macbook,मैकबुक,मैकबूक
matix,मैट्रिक्स,मैटिक्स
matrix,मैट्रिक्स,मैट्रिक्स
mad,मैड,मद
made,मैड,मदे
maid,मैड,मैद
maddy,मैडी,मदद्य
maidi,मैडी,मैदी
main,मैन,मैन
man,मैन,मान
men,मैन,मेन
mainan,मैनन,मैनन
menon,मैनन,मेनों
manner,मैनर,मानर
maina,मैना,मैना
maine,मैने,मैने
marrej,मैरेज,मररेज
marriage,मैरेज,मरिइज
merraige,मैरेज,मेराइज
maisachusets,मैसाचुसेट्स,मैसैचास्ट्स
massachusetts,मैसाचुसेट्स,मससचालेस्ट्स
maisor,मैसोर,मैसर
maisore,मैसोर,मैसोर
mysore,मैसोर,मायसर
mod,मॉड,मोद
mode,मॉड,मोदे
modern,मॉडर्न,मोडर्न
module,मॉड्यूल,मोदुले
modules,मॉड्यूल्स,मोडल्स
modyuls,मॉड्यूल्स,मोडयल्स
mauritious,मॉरिशस,मौरिशियस
mauritius,मॉरिशस,मौरिशियस
mogali,मोगली,मोगली
mowgli,मोगली,मोवगली
motive,मोटिव,मोटिव
mol,मोल,मोल
mold,मोल्ड,मॉल्ड
moshe,मोशे,मोशे
mosad,मोसाद,मोसद
mohana,मोहाना,मोहना
mohani,मोहानी,मोहनी
mohini,मोहिनी,मोहिनी
mohim,मोहिम,मोहिम
maukon,मौकों,मौकों
mauma,मौमा,मौमा
maurya,मौर्या,मौर्य
morya,मौर्या,मोरिया
maurya,मौर्यों,मौर्य
mauryon,मौर्यों,मौर्यों
moryon,मौर्यों,मोरियों
maulaviyon,मौलवियों,मौलवियों
maulvidon,मौलवियों,मौलविदों
maulviyon,मौलवियों,मौलवियों
maule,मौले,मौले
mauley,मौले,मौले
mausa,मौसा,मौसा
yatn,यत्न,यात्न
yatna,यत्न,यातना
yada,यदा,यादा
yda,यदा,याडा
yaduvansh,यदुवंश,यादुवंश
yaduwansh,यदुवंश,यादुवंश
jerusalem,यरूशलेम,जररसल
yarooshaleim,यरूशलेम,यरुशलीम
yarushalem,यरूशलेम,यरुशलेम
yashpaal,यशपाल,यश्पल
yashpal,यशपाल,यश्पल
yaatna,यातना,यातना
yatna,यातना,यातना
yaatanaon,यातनाओं,यातनाओं
yatnaon,यातनाओं,यतनाओं
yarayan,यात्राएं,यायान
yatraein,यात्राएं,यातारें
yatraen,यात्राएं,यातारें
yaariyan,यारियां,यारियां
yariyan,यारियां,यारियां
yaari,यारी,यारी
yari,यारी,यारी
yugam,युग्म,युगम
yugm,युग्म,युग्म
yuddhrat,युद्धरत,युद्धृत
yudhrat,युद्धरत,युद्धात
ukrainian,यूक्रेनियन,युक्रेनियन
ukranian,यूक्रेनियन,उक्रणीयन
jerusalem,येरुशलम,जररसल
yorker,यॉर्कर,योरकर
yojanaein,योजनाएं,योजनाएं
yojanaen,योजनाएं,योजनाएं
yojanaye,योजनाएं,योजनाय
rangate,रंगते,रंगते
rangte,रंगते,रंगते
rangkata,रंजकता,रंगकता
ranjkatha,रंजकता,रंजकता
ranjkta,रंजकता,रंजकता
raees,रईस,राइस
rais,रईस,राइस
raktaabh,रक्ताभ,रक्ताभ
raktabh,रक्ताभ,रक्तभ
rakhna,रखना,रखना
raghupati,रघुपति,रघुपति
raghuram,रघुराम,रघुराम
registerd,रजिस्टर्ड,रिजिस्टर्ड
registered,रजिस्टर्ड,रिजिस्टर्ड
ratanpur,रतनपुर,रतनपुर
runners,रनर्स,रनर्स
rayan,रयान,रायन
ryan,रयान,रायन
ralhan,रल्हन,रालहन
ravish,रविश,राविश
ravael,रवैल,रवैल
ravel,रवैल,रावेल
rawail,रवैल,रवैल
rasad,रसद,रसद
rasaayanik,रसायनिक,रसायनिक
rasaayanika,रसायनिक,रसायनिका
rasayanika,रसायनिक,रसायनिका
rasyanik,रसायनिक,रास्यानिक
rasaayanon,रसायनों,रसायनों
rasayanon,रसायनों,रसायनों
rahamat,रहमत,रहमत
rahmat,रहमत,रहमत
rhamat,रहमत,रहमत
rahenge,रहेंगे,रहेंगे
rahegi,रहेगी,रहेगी
rounder,राउंडर,राउंडर
raak,राक,राक
rak,राक,रक
raakhe,राखे,रखे
rakhe,राखे,रखे
raagon,रागों,रागों
ragon,रागों,रागों
raghavan,राघवन,रघवान
raaj,राज,राज
raj,राज,राज
rajkot,राजकोट,राजकोट
rajtantra,राजतंत्र,राजतंत्र
raajneetikaran,राजनीतीकरण,राजनीतिकरण
rajneetikaran,राजनीतीकरण,राजनीतिकरण
rajnitikaran,राजनीतीकरण,राजनीतिकरण
rajma,राजमां,राजमा
rajman,राजमां,राजमान
raajasva,राजस्व,राजस्व
rajasva,राजस्व,राजस्व
raaji,राजी,राजी
raji,राजी,राजी
rajinaama,राजीनामा,राजिनामा
rajinama,राजीनामा,राजिनामा
raajon,राजों,राजों
rajon,राजों,राजों
rana,राणा,राना
raatrichar,रात्रिचर,रातिचार
ratrichar,रात्रिचर,रातिचार
raadhe,राधे,राधे
radhe,राधे,राधे
ranapur,रानापुर,रानपुर
rabin,राबिन,राइन
robin,राबिन,रोबिन
rabha,राभा,रभा
ramkot,रामकोट,रामकोट
ramkote,रामकोट,रामकोटे
ramtek,रामटेक,रामतेक
rampur,रामपुर,रामपुर
rambharose,रामभरोसे,रामभरोस
rambharosey,रामभरोसे,रामभरोसे
ramraj,रामराज,रामराज
raalod,रालोद,रालोद
ralaud,रालोद,रालौद
ralod,रालोद,रालोद
ravaley,रावले,रवाले
ravle,रावले,रावले
rasayanik,रासायनिक,रसायनिक
racreation,रिक्रिएशन,रैकेशन
recreation,रिक्रिएशन,रिक्रेशन
rig,रिग,रिग
riggs,रिग्स,रिग्स
rigs,रिग्स,रिज
richual,रिचुअल,रिचुल
ritual,रिचुअल,रितुल
reduction,रिडक्शन,रिडक्शन
ripan,रिपन,रिपन
ripon,रिपन,रिपोन
ria,रिया,रिया
riya,रिया,रिया
rishte,रिश्ते,रिश्टे
rishtey,रिश्ते,रिश्टे
risane,रिसने,रिसने
risaney,रिसने,रिसने
risne,रिसने,रिसने
rihana,रिहाना,रहना
rihanna,रिहाना,रिहना
regal,रीगल,रेगल
rigal,रीगल,रिगल
reasonal,रीजनल,रिसानल
regional,रीजनल,रिजोनल
retreate,रीट्वीट,रित्रेट
retweet,रीट्वीट,रिवटीट
reeta,रीता,रीता
rita,रीता,रिता
rukate,रुकते,रुकते
rukte,रुकते,रुकते
ruktey,रुकते,रुकते
rugan,रुग्ण,रुगान
rugna,रुग्ण,रूगना
ruganta,रुग्णता,रूगता
rugnata,रुग्णता,रूगना
rojvelt,रुजवेल्ट,रोजवेल्ट
roojwelt,रुजवेल्ट,रूजवेल्ट
roosevelt,रुजवेल्ट,रूज़वेल्ट
rodolph,रुडोल्फ,रोडोल्फ
rudolf,रुडोल्फ,रूडोल्फ
rudolph,रुडोल्फ,रूडलोफ
roopesh,रुपेश,रुपेश
rupesh,रुपेश,रुपेश
ruby,रुबी,रूबी
roomani,रुमानी,रूमानी
rumani,रुमानी,रूमानी
rukavaton,रूकावटों,रुकावटों
root,रूट,रूत
route,रूट,राउट
rooting,रूटिंग,रूटिंग
routine,रूटिंग,राउटीन
routing,रूटिंग,राउटिंग
roots,रूट्स,रूट्स
routes,रूट्स,राउट्स
roopak,रूपक,रुपक
rupak,रूपक,रुपक
roopi,रूपी,रूपी
rupi,रूपी,रूपी
rantle,रेंटल,रंटल
rental,रेंटल,रेंटल
registan,रेगिस्तान,रिजिस्टन
registani,रेगिस्तानी,रिजिस्टनी
reja,रेजा,रेजा
reza,रेजा,रेजा
rate,रेट,रते
rate,रेत,रते
ret,रेत,रेट
refaeli,रेफेली,रिफाली
refeli,रेफेली,रिफेली
reshe,रेशे,रेश
reshey,रेशे,रेशी
race,रेस,रेस
rese,रेस,रेस
racer,रेसर,रेसर
recer,रेसर,रिसर
racing,रेसिंग,रैसिंग
reson,रेसों,रिसन
rehaana,रेहाना,रहना
rehana,रेहाना,रहना
racketeer,रैकेटियर,रैकटीर
racketier,रैकेटियर,रैकेटीर
rectare,रैकेटियर,रिक्टर
radical,रैडिकल,राडिकल
raidical,रैडिकल,रैडिकल
raith,रैथ,राठ
rapping,रैपिंग,रापिंग
wrapping,रैपिंग,रापिंग
robertsan,रॉबर्टसन,रॉबर्टन
robertson,रॉबर्टसन,रॉबर्ट्सन
robinson,रॉबिंसन,रॉबिंसन
royals,रॉयल्स,रॉयल्स
rojlin,रोजलिन,रोजलीन
rozlyn,रोजलिन,रोजलीन
rotation,रोटेशन,रोटेशन
rodrigo,रोड्रिगो,रॉड्रोगो
ronaldo,रोनाल्डो,रोनाल्डो
ronit,रोनित,रोनिट
roni,रोनी,रोनी
ropane,रोपने,रोपने
ropaney,रोपने,रोपने
ropne,रोपने,रोपन
robin,रोबिन,रोबिन
roya,रोया,रोया
rollers,रोलर्स,रॉलर्स
rovan,रोवन,रोवन
rowan,रोवन,रोवन
rosario,रोसारियो,रसोरियो
rosariyo,रोसारियो,रसोरियों
raubadaar,रौबदार,रौबादार
raubadar,रौबदार,रौबदार
raubdar,रौबदार,रौबदार
landara,लंगड़ा,लंदारा
langada,लंगड़ा,लंगड़ा
langda,लंगड़ा,लंगडा
langar,लंगर,लंगर
langaron,लंगरों,लंगरों
langron,लंगरों,लांगरों
lambi,लंबी,लाबी
lakeer,लकीर,लाकीर
lakir,लकीर,लाकिर
lakiron,लकीरों,लाकिरों
lakme,लक्मे,लक्मे
lakshmidhar,लक्ष्मीधर,लक्ष्मीधार
lakshmighar,लक्ष्मीधर,लक्ष्मीघर
lakshy,लक्ष्य,लक्ष्य
lakshya,लक्ष्य,लक्ष्य
lakshyon,लक्ष्यों,लक्ष्यों
lux,लक्स,लुक्स
laksar,लक्सर,लकसर
luxor,लक्सर,लुक्सर
lakhkhi,लख्खी,लख्खी
lagna,लगना,लगना
laganewale,लगनेवाले,लगनेवाले
lagnevaaley,लगनेवाले,लगनेवाले
lagnewale,लगनेवाले,लगनेवाले
lagega,लगेगा,लगेगा
lajjalu,लज्जालु,लजजाल
latkate,लटकाते,लटकते
ladki,लड़की,लड़की
ladate,लड़ते,लड़ते
ladte,लड़ते,लड़ते
ladaai,लड़ाई,लड़ाई
ladai,लड़ाई,लड़ाई
ladaaiyon,लड़ाईयों,लड़ाइयों
ladaeyon,लड़ाईयों,लड़ायों
ladaiyon,लड़ाईयों,लड़ाइयों
lapetane,लपेटने,लेपेटने
lapetne,लपेटने,लेपेटन
labada,लबादा,लबादा
lbada,लबादा,लबदा
labdh,लब्ध,लबद्ध
lbdh,लब्ध,लबीध
lalak,ललक,लालक
lalkarata,ललकारता,ललकरता
lalkarta,ललकारता,ललकर्ता
lalla,लल्ला,लाला
lavasa,लवासा,लवासा
lovasa,लवासा,लोवासा
lassi,लस्सी,लासी
lahanaa,लहना,लहना
lahna,लहना,लहना
lehna,लहना,लहना
lahraee,लहराई,लहराई
lahrai,लहराई,लहराई
lehrayi,लहराई,लहरायी
lahalhati,लहलहाती,लहलाहती
lahlahaati,लहलहाती,लहलाहाती
lahlahati,लहलहाती,लहलाहाती
lahsun,लहसुन,लहसून
lasoon,लहसुन,लासून
lanchar,लांचर,लांचर
launcher,लांचर,लौंचर
lycopene,लाइकोपिन,लॉक्पिन
lime,लाइम,लिमे
lives,लाइव्स,लिवेस
live,लाईव,लिवे
laegi,लाएगी,लागी
lagataar,लागातार,लगातार
lagatar,लागातार,लगतार
laata,लाता,लाता
lata,लाता,लता
laati,लाती,लाटी
lati,लाती,लटी
layega,लायेगा,लाएगा
lalpur,लालपुर,लालपुर
las,लास्ट,लास
last,लास्ट,लस्ट
lindbhed,लिंगभेद,लिंडबेड
lingbhed,लिंगभेद,लिंबेड
lindan,लिंडन,लिंडन
lindn,लिंडन,लिंडन
lindon,लिंडन,लिंडों
likhakar,लिखकर,लिखाकर
likhkar,लिखकर,लिखकार
ligar,लिगर,लिगर
liger,लिगर,लाइगर
liberation,लिबरेशन,लिबेरेशन
libration,लिबरेशन,लिब्रेशन
liberation,लिब्रेशन,लिबेरेशन
libration,लिब्रेशन,लिब्रेशन
leaderon,लीडरों,लीदारों
leedaron,लीडरों,लीदारों
lidaron,लीडरों,लिदारों
liidaron,लीडरों,लिदारों
louis,लुईस,लुइस
luis,लुईस,लुइस
ludhakate,लुढ़कते,लुढ़कते
ludhkate,लुढ़कते,लुढ़कते
lurhakate,लुढ़कते,लुरखाते
lutf,लुत्फ,लटफ
lumding,लुमडिंग,लुडमिंग
lootmaar,लूटमार,लुटमार
lootmar,लूटमार,लुटमर
landal,लेंडल,लंडल
lendal,लेंडल,लेंडल
lega,लेगा,लेगा
legaa,लेगा,लेगा
letakar,लेटकर,लेटकर
letkar,लेटकर,लेटकर
lenevali,लेनेवाली,लेनेवाली
lenewali,लेनेवाली,लेनीवाली
label,लेबल,लेबल
labeling,लेबलिंग,लेबेलिंग
labelling,लेबलिंग,लेलबिंग
labelo,लेबलों,लेबेलो
labelon,लेबलों,लेबेलों
lebalon,लेबलों,लेबलों
lemon,लेमन,लेमों
laingadan,लैंगडन,लैंगदान
langdon,लैंगडन,लंगडों
lengdan,लैंगडन,लेंगडन
laigikata,लैंगिकता,लैगिकता
laingikta,लैंगिकता,लैंगिकता
lanset,लैंसेट,लैंसेट
lenset,लैंसेट,लेंसेट
lairi,लैरी,लैरी
lairy,लैरी,लैरी
larry,लैरी,लारी
lace,लैस,लेस
less,लैस,लेस
locket,लॉकेट,लोकेट
laundry,लॉन्ड्री,लौंद्री
longewal,लोंगोवाल,लोंगेवाल
longewala,लोंगोवाल,लोंगेवाला
longoval,लोंगोवाल,लोंगोवाल
log,लोग,लोग
loge,लोगे,लोगे
lochdar,लोचदार,लोचदार
lodi,लोदी,लोडी
laurence,लौरेंस,लौरेंस
laurens,लौरेंस,लॉरेंस
laurense,लौरेंस,लौरेंस
wonder,वंडर,वंदर
vansh,वंश,वंश
vanshdhar,वंशधर,वांशदार
vanshavad,वंशवाद,वाशवाद
vanshvaad,वंशवाद,वांशवाद
vanshvad,वंशवाद,वांशवाद
wanshwad,वंशवाद,वांशवाद
vajood,वजूद,वाजूद
vajud,वजूद,वाजूद
wajood,वजूद,वाजूद
vadali,वडाली,वादली
vadli,वडाली,वादली
wadali,वडाली,वादली
vanita,वनिता,वनीता
vareinye,वरेण्य,वरीने
varenya,वरेण्य,वेरणीय
varn,वर्ण,वर्न
varna,वर्ण,वर्ण
varnit,वर्णित,वर्णित
vartamaan,वर्तमान,वर्तमान
vartaman,वर्तमान,वर्तमान
vartmaan,वर्तमान,वर्तमान
vartman,वर्तमान,वर्तमान
varddhaman,वर्द्धमान,वर्धमान
vardhmaan,वर्द्धमान,वर्धमान
vardhman,वर्द्धमान,वर्धमान
verbal,वर्बल,वर्बल
varshan,वर्शन,वर्षण
vasharan,वर्शन,वाषारण
vershan,वर्शन,वर्शन
version,वर्शन,वर्सियन
varsaache,वर्साचे,वर्साच
varsaryache,वर्साचे,वर्स्याच
vasearche,वर्साचे,वासेचर
valkan,वल्कन,वालकन
valkkan,वल्कन,वालककण
velkan,वल्कन,वेलकन
vash,वश,वाश
vashikaran,वशीकरण,वाषीकारण
vaangchuk,वांगचुक,वांचुक
vangchuk,वांगचुक,वंगचुक
wangchuk,वांगचुक,वांचुक
want,वांट,वांट
vije,वाइज,विज
vise,वाइज,विज
wise,वाइज,वाइस
vatar,वाटर,वातर
water,वाटर,वेटर
watson,वाटसन,वाट्सन
wattson,वाटसन,वाट्सन
vaan,वाण,वान
waan,वाण,वान
vaanon,वाणों,वानों
vanon,वाणों,वनों
wanon,वाणों,वनों
vatanukulan,वातानुकूलन,वातुनुकलन
watanukoollan,वातानुकूलन,वातनुकुलन
vaadak,वादक,वादक
vadak,वादक,वादक
vaadiyon,वादियों,वादियों
vadiyon,वादियों,वादियों
wadiyon,वादियों,वादियों
vayana,वायना,वायना
vayna,वायना,वायना
wayna,वायना,वायना
wireless,वायरलेस,वायरल्स
wirerless,वायरलेस,वरयलर्स
warrior,वारियर्स,वारियर
warriors,वारियर्स,वायर्स
valve,वाल्व,वालवे
wolv,वाल्व,वॉल
vastavik,वास्तविक,वास्तविक
vastvik,वास्तविक,वास्तविक
vaahikayen,वाहिकाएं,वाहिकाएं
vahikayen,वाहिकाएं,वाहिकाएं
wahikayan,वाहिकाएं,वाहिकाएं
winter,विंटर,विंटर
vincent,विंसेंट,विंसेंट
vikalpon,विकल्पों,विकलपों
wicket,विकेट,विकेट
vikramjeet,विक्रमजीत,विक्रमाजित
vikramjit,विक्रमजीत,विक्रामित
vichaarakon,विचारकों,विचारकों
vicharakon,विचारकों,विचारकों
vigyan,विज्ञान,विज्ञान
vigyaani,विज्ञानी,विज्ञानी
vigyani,विज्ञानी,विज्ञानी
vigyaanon,विज्ञानों,विज्ञानों
vigyanon,विज्ञानों,विज्ञानों
vitthal,विट्ठल,वित्थल
viththal,विठ्ठल,वित्थल
vitthal,विठ्ठल,वित्थल
vitark,वितर्क,वितरक
vidhaaein,विद्याएं,विधाएं
vidyaayein,विद्याएं,विद्याएं
vidyaen,विद्याएं,विद्याएं
vidhaaon,विद्याओं,विधाओं
vidyaaon,विद्याओं,विद्याओं
vidyaon,विद्याओं,विद्याओं
vidhansabhaein,विधानसभाएं,विधानशाएं
vidhansabhaen,विधानसभाएं,विधानसहाएं
vidhivat,विधिवत,विधवित
vidhut,विधुत,विधुत
vinasht,विनष्ट,विनाष्ट
vineet,विनीत,विनीत
vinit,विनीत,विनित
vipreetataa,विपरीतता,विप्रेता
vipritata,विपरीतता,विपृतता
vipra,विप्रा,विप्र
vipro,विप्रो,विप्रो
wipro,विप्रो,विप्रो
vibha,विभा,विभा
vibhajak,विभाजक,विभाजक
vibhram,विभ्रम,विभ्रम
vibhrm,विभ्रम,विभ्रम
vibram,विभ्रम,विब्रम
vimarsh,विमर्श,विमार्श
vimarsho,विमर्शों,विमार्शो
vimarshon,विमर्शों,विमर्षों
virajati,विराजती,विराजति
virechan,विरेचन,विरेचन
virodh,विरोध,विरोध
virodhabhasi,विरोधाभासी,विरोधाभासी
virodhabhason,विरोधाभासों,विरोधाभासों
vividh,विविध,विविध
vivekahin,विवेकहीन,विवेखान
vivekheen,विवेकहीन,विवेखीन
visheshan,विशेषण,विशेषण
visheshanon,विशेषणों,विशेषनों
visheshaadhikaar,विशेषाधिकार,विशेषाधिकार
visheshadhikar,विशेषाधिकार,विशेषाधिकार
vishwasaniy,विश्वसनीय,विश्वासनीय
vishwasniiya,विश्वसनीय,विश्वस्नीय
vishwasaniyata,विश्वसनीयता,विश्ववासियता
vishwasniiyataa,विश्वसनीयता,विश्वासीयता
vishahin,विषहीन,विशाहीन
vishhin,विषहीन,विश्हीन
vishanu,विष्णु,विषाणु
vishnu,विष्णु,विष्णु
vlc,वीएलसी,वीएलसी
weeks,वीक्स,वीक्स
veerchand,वीरचंद,वीरचंद
virchand,वीरचंद,विरचंद
veeresh,वीरेश,वीरेश
viresh,वीरेश,विरेश
vritton,वृत्तों,वृत्तों
vruton,वृत्तों,वृतों
vrutton,वृत्तों,वृत्तों
venkataraman,वेंकटरमन,वेंकटरमण
venkatraman,वेंकटरमन,वेंकटरमण
ved,वेड,वेड
wade,वेड,वादे
wed,वेड,वेड
wedding,वेडिंग,वेडिंग
vediyon,वेदियों,वेदियों
vedon,वेदों,वेदों
venezuela,वेनेजुएला,वेनेजुला
veronica,वेरोनिका,वेरोनिका
veronika,वेरोनिका,वररोनिका
weronika,वेरोनिका,वेरोनिका
velvet,वेलवेट,वेलवेट
welwet,वेलवेट,वेलेट
welder,वेल्डर,वेल्डर
weldor,वेल्डर,वेल्डर
welding,वेल्डिंग,वेलिंग
wealth,वेल्थ,विल्थ
vellur,वेल्लूर,वेल्लर
velur,वेल्लूर,वेलर
vesh,वेश,वेश
wasting,वेस्टिंग,वास्टिंग
westing,वेस्टिंग,वेस्टिंग
wastinghouse,वेस्टिंगहाउस,वास्टिंगूज
westinghouse,वेस्टिंगहाउस,वेस्टिइंगूज
vaisley,वेस्ले,वैस्ले
vesle,वेस्ले,वेल्स
wesle,वेस्ले,वेल्स
vaigyaanik,वैज्ञानिक,वैग्यानिक
vaigyanik,वैज्ञानिक,वैज्ञानिक
vegyanik,वैज्ञानिक,वेज्ञानिक
vaigyaanikta,वैज्ञानिकता,वैज्ञानिकता
vaigyanikata,वैज्ञानिकता,वैज्ञानिकता
vaigyanikta,वैज्ञानिकता,वैज्ञानिकता
vaitravati,वैत्रवती,वैत्रवती
vaitrawati,वैत्रवती,वैत्रवती
vaimanasy,वैमनस्य,वैमानसी
vaimanasya,वैमनस्य,वैमानस्य
vaimanya,वैमनस्य,वैमान्य
very,वैरी,वेरी
vaisaakh,वैशाख,वैसाख
vaishakh,वैशाख,वैशाख
vaishaakhi,वैशाखी,वैशाखी
vaishakhi,वैशाखी,वैशाखी
vaishnodevi,वैष्णोदेवी,वैश्नोदेवी
vyaktigat,व्यक्तिगत,व्यक्तिगत
vyagr,व्यग्र,व्याग्र
vyagra,व्यग्र,व्याग्र
vyatit,व्यतीत,व्यातित
vytit,व्यतीत,व्यतित
vyabhichar,व्यभिचार,व्याभिचार
vyabhichari,व्यभिचार,व्याभिचारी
vyavadhan,व्यवधान,व्यवधान
vyavdhan,व्यवधान,व्यवधान
vyavahargat,व्यवहारगत,व्यवहरागत
vyvhargat,व्यवहारगत,व्यवर्गात
vyaghat,व्याघात,व्याघात
vyapak,व्यापक,व्यापक
vlad,व्लाद,वलाद
wlaad,व्लाद,वाल
vladimir,व्लादिमीर,व्लादीमीर
shanghai,शंघाई,शंघाई
shatpath,शतपथ,शटपठ
shanivar,शनिवार,शनिवार
shaniwar,शनिवार,शनिवार
shabana,शबाना,शबाना
shbana,शबाना,शबाना
shabdarth,शब्दार्थ,शबद्रथ
shamadan,शमादान,शमाद
shmadan,शमादान,शमदान
shamitabh,शमिताभ,शमीतभ
shamil,शमिल,शमील
shmil,शमिल,श्मील
sharabon,शराबों,शरबों
shrabon,शराबों,श्रबों
shararat,शरारत,शरारत
shrart,शरारत,श्रार्ट
sharmana,शर्माना,शर्माना
shaharwasiyon,शहरवासियों,शहरावासियों
shahrvasiyon,शहरवासियों,शहरवासियों
shervasiyon,शहरवासियों,शेरवासियों
shahdara,शहादरा,शहदारा
shaantikaal,शांतिकाल,शांतिकाल
shantikal,शांतिकाल,शांतिकाल
shaao,शाओ,शाओ
shao,शाओ,शाओ
shaakir,शाकिर,शाकीर
shakir,शाकिर,शकीर
shaakhaaen,शाखाएं,शाखाएं
shakhayan,शाखाएं,शखायां
shakhayen,शाखाएं,शखाएं
shayak,शायक,शयक
shaavakon,शावकों,शावकों
shavakon,शावकों,शवकों
shavkon,शावकों,श्वकों
shaasaka,शासक,शासका
shasak,शासक,शासक
sasakon,शासकों,साकों
shaasakon,शासकों,शासकों
shasakon,शासकों,शासकों
shipra,शिप्रा,शिप्र
shirke,शिर्के,शिरके
sheershakon,शीर्षकों,शीर्षकों
shirshakon,शीर्षकों,शिर्षकों
shirshkon,शीर्षकों,शिर्कों
shujaat,शुजात,शुजात
shujat,शुजात,शुजत
shooting,शुटिंग,शूटिंग
shutting,शुटिंग,शुट्टिंग
should,शुड,शौल्ड
shud,शुड,शुद
shubhankar,शुभंकर,शुभंकर
shumaali,शुमाली,शुमाली
shumali,शुमाली,शुमाली
shringaar,शृंगार,श्रृगार
shringar,शृंगार,श्रृंगर
shrungar,शृंगार,शृंगर
sheling,शेलिंग,शेलिंग
shelling,शेलिंग,शेलिंग
shaili,शैली,शैली
shaly,शैली,शली
sheli,शैली,शेली
shaishav,शैशव,शैशव
sean,शॉन,सीन
shaun,शॉन,शौन
shawn,शॉन,शवन
short,शोर्ट,शोर्ट
sure,श्योर,सुरे
shrankhala,श्रंखला,शृंखला
shrankhalaa,श्रंखला,शृंखला
shrunkhla,श्रंखला,शृंखला
shrankhalaaon,श्रंखलाओं,श्रृंखलाओं
shrinkhalaon,श्रंखलाओं,शृंखलाओं
shrunkhlaon,श्रंखलाओं,शृंखलाओं
shravani,श्रावणी,श्रवाणी
shrikar,श्रीकर,श्रीकर
shrikhand,श्रीखंड,शृखांद
shrimati,श्रीमति,श्रीमति
shriram,श्रीराम,श्रीरम
sriram,श्रीराम,श्रीम
shrotaon,श्रोताओं,श्रोताओं
shat,षट्,क्ष
sankhyaein,संख्याएं,संख्याएं
sankhyaen,संख्याएं,संख्याएं
sankhyayen,संख्याएं,संख्याएं
sanghanit,संघनित,संघानित
sanghnit,संघनित,संघ्नित
sanchayan,संचयन,संचायन
sanchar,संचार,संचार
sanchaari,संचारी,संचारी
sanchari,संचारी,संचारी
sanchalanon,संचालनों,संचलनों
sanchalnon,संचालनों,संचलनों
sanjay,संजय,संजय
sanjeevan,संजीवन,संजीवन
sanjivan,संजीवन,संजीवन
santati,संतति,संतती
sandarbh,संदर्भ,संदर्भ
sandarbha,संदर्भ,संदर्भा
sandrbh,संदर्भ,संद्रभ
sandarbhon,संदर्भों,संदरभों
sandrbhon,संदर्भों,संद्रभों
sandali,संदली,संडली
sandli,संदली,संडली
sandhan,संधान,संधन
samprati,संप्रति,संप्रति
samprti,संप्रति,संप्रति
samprabhu,संप्रभु,संप्रभू
samprbhu,संप्रभु,संपृभू
samprabhuta,संप्रभुता,संप्रभूत
samprbhuta,संप्रभुता,संपृभूत
sambit,संबित,संबित
sambhalane,संभालने,संभालने
sambhalne,संभालने,संभालने
sambhrant,संभ्रांत,संभरांत
sanbharnt,संभ्रांत,संभरंत
sanyog,संयुक्त,संयोग
sanyukt,संयुक्त,संयुक्त
sanyukta,संयुक्त,संयुक्त
sanyukta,संयुक्ता,संयुक्त
sanyogvash,संयोगवश,संयोगवाश
sanyojan,संयोजन,संयोजन
sanyojanon,संयोजनों,संयोजनों
sanyojnon,संयोजनों,संयोजनों
samvedikaran,संवेदीकरण,संवेदीकरण
sanvedikaran,संवेदीकरण,संवेदिकारण
samshayon,संशयों,समशायों
sanshayon,संशयों,संशयों
sanshyon,संशयों,संश्यों
sanskaar,संस्कार,संस्कार
sanskar,संस्कार,संस्कर
sanskaari,संस्कारी,संसाकारी
sanskari,संस्कारी,संसकारी
sanskrit,संस्कृत,संस्कृत
sanskurt,संस्कृत,संसकृत
sanskritiyan,संस्कृतियां,संस्कृतियां
sanskrutiyan,संस्कृतियां,संस्कृतियां
sanskritiyon,संस्कृतियों,संस्कृतियों
sanskrutiyon,संस्कृतियों,संस्कृतियों
sanasthit,संस्थित,सानस्थित
sansthit,संस्थित,संस्थित
sanasthita,संस्थिता,सानस्थिता
sansthita,संस्थिता,संस्थिता
sakara,सकरा,सकरा
sakra,सकरा,सकरा
sakshan,सक्शन,साक्षण
suction,सक्शन,सुक्शन
sacchidanand,सच्चिदानंद,सच्चिदादन
sachhidanand,सच्चिदानंद,सचीदादंद
sachidanand,सच्चिदानंद,सचीदांद
sajja,सज्जा,सजजा
sat,सत,साट
satpal,सतपाल,सत्पल
satluj,सतलुज,सतलूज
sataane,सताने,सताने
satane,सताने,सतने
sate,सते,सते
satti,सत्ती,सतती
satvat,सत्वत,सतवत
sadanand,सदानंद,सदानद
sapane,सपने,सपने
sapne,सपने,सापने
sapney,सपने,सपने
saparivaar,सपरिवार,सपरीवार
sapariwar,सपरिवार,सपरीवार
sparivar,सपरिवार,स्परीवार
sapaat,सपाट,सपात
sapat,सपाट,सापत
sapate,सपाटे,सपते
sapatey,सपाटे,सपते
saptakranti,सप्तक्रांति,सप्ताकांति
saptkraanti,सप्तक्रांति,सप्त्रकांती
saptapadi,सप्तपदी,सप्तापादी
saptpadi,सप्तपदी,सप्तपड़ी
saptari,सप्तरी,सप्तारी
sapramaan,सप्रमाण,सप्रमाण
sapraman,सप्रमाण,सप्रमाण
submit,सबमिट,सुब्मिट
sabmission,सबमिशन,सब्मिशन
submission,सबमिशन,सब्मिशन
sabhaein,सभाएं,सभाएं
sabhaen,सभाएं,सभाएं
sabhayen,सभाएं,सभाएं
sabhen,सभाएं,सभें
sabhasadon,सभासदों,सभासदों
sabhyata,सभ्यता,सभ्यता
samjhoonga,समझूंगा,समझूगा
samjhunga,समझूंगा,समझौंगा
samjhungaa,समझूंगा,समझौगा
saman,समन,समान
samanvayaka,समन्वयक,समन्वयका
samanwayaka,समन्वयक,समन्वयका
samnvyak,समन्वयक,समन्वयक
samaadhaan,समाधान,समाधान
samadhan,समाधान,समधान
samadhiyon,समाधियों,समधियों
samadjiyon,समाधियों,समददजियों
samalakha,समालखा,समलाखा
samalakhaa,समालखा,समलखा
samahaar,समाहार,समहहार
samahar,समाहार,समहहार
samitiyan,समितियां,समितियां
sametati,समेटती,समेतती
sametti,समेटती,समेटी
sarka,सरका,सरका
sarkaa,सरका,सरका
sarkarein,सरकारें,सरकारें
sarkaren,सरकारें,सरकरें
sarkaaron,सरकारों,सरकारों
sarkaron,सरकारों,सरकारों
sargana,सरगना,सरगाना
sarganaon,सरगनाओं,सरगानाओं
sargi,सरगी,सरगी
sarguja,सरगुजा,सरगुजा
sarjuga,सरगुजा,सरजुगा
sarsa,सरसा,सरसा
sarsaa,सरसा,सरसा
sarahind,सरहिंद,सरहींद
sarhind,सरहिंद,सरहिंद
sirhind,सरहिंद,सिरहंद
saraaha,सराहा,सराह
saraha,सराहा,सराह
saraahi,सराही,सराही
sarahi,सराही,सराही
salaahkar,सलाहकार,सलाखार
salahkaar,सलाहकार,सलाखार
salahkar,सलाहकार,सलाखार
saleeb,सलीब,सलीब
salib,सलीब,सलीब
select,सलेक्ट,सेलेक्ट
saltanat,सल्तनत,सलतानत
saltnat,सल्तनत,सालतना
savaal,सवाल,सवाल
saval,सवाल,सावल
sawaal,सवाल,सवाल
sawal,सवाल,सावल
sahakalaakar,सहकलाकार,सहकलाकर
sahakalakar,सहकलाकार,सहकलाकर
sahkalakar,सहकलाकार,सहकलाकर
sahadev,सहदेव,सहदेव
sahdev,सहदेव,सहदेव
sahrawat,सहरावत,सहरावत
sherawat,सहरावत,शेरावत
sahooliyata,सहूलियत,सहूलियता
sahuliyat,सहूलियत,सहुलियत
sahuuliyata,सहूलियत,सहुलियता
saanketika,सांकेतिक,सांकेटिका
sanketik,सांकेतिक,संकेटिक
saimans,साइमंस,सैयमंस
simmons,साइमंस,सिम्मंस
symons,साइमंस,स्यमंस
saima,साइमा,सैमा
sagarika,सागरिका,सगरीका
sagrika,सागरिका,सग्रिका
saga,सागा,सागा
saajan,साजन,साजन
sajan,साजन,सजन
saajsajja,साजसज्जा,साजजाज
sajsajja,साजसज्जा,सजजाज
saja,साजा,सजा
saathsaath,साथसाथ,साथसाथ
sathsath,साथसाथ,साथसाथ
sathiya,साथिया,साथिया
saabah,साबाह,साभा
sabah,साबाह,सबाह
samanjasy,सामंजस्य,समंजासी
samanjasya,सामंजस्य,समंजास्य
samoa,सामोआ,समो
samoaa,सामोआ,समोआ
saayn,सायं,सायन
sayan,सायं,सायन
saym,सायं,सायम
saira,सायरा,सैरा
sayara,सायरा,सायरा
sayra,सायरा,सायरा
salve,साल्वे,सलवे
sahab,साहब,सहाब
singapore,सिंगापुर,सिंगपौर
singaar,सिंगार,सिंगार
singar,सिंगार,सिंगर
singer,सिंगार,सिंगर
singhaadey,सिंघाड़े,सिंहदे
singhade,सिंघाड़े,सिंहड़
singhde,सिंघाड़े,सिंदे
singhre,सिंघाड़े,सिंहरे
singhi,सिंघी,सिंही
singha,सिंहा,सिंहा
sinha,सिंहा,सिंहा
siera,सिएरा,सियरा
sierra,सिएरा,सियरा
sikud,सिकुड़,सिकुड
signals,सिगनल्स,सिग्नल्स
cigaretton,सिगरेटों,सिगर्टन
cigretton,सिगरेटों,सिग्रेटन
siddhivat,सिद्धवट,सिद्धवित
siddhvat,सिद्धवट,सिद्धवत
siddhwat,सिद्धवट,सिद्धवत
sinabang,सिनाबंग,सिनाबंग
synapse,सिनेप्स,सिंपास
sipah,सिपाह,सिपाह
sipaha,सिपाह,सिपाहा
sipahiyon,सिपाहियों,सिपाहियों
sipahi,सिपाही,सिपाही
sim,सिम,सिम
simat,सिमट,सिमत
simatataa,सिमटता,सिमतता
simatta,सिमटता,सिमतता
simtata,सिमटता,सिमतता
simtataa,सिमटता,सिमतता
cement,सिमटे,सीमेंट
simate,सिमटे,सिमते
simi,सिमी,सिमी
simmy,सिमी,सिम्मी
sims,सिम्स,सिम्स
siyasi,सियासी,सियासी
siyah,सियाह,सियाह
siyaha,सियाह,सियाह
sirpur,सिरपुर,सिरपुर
sivan,सिवान,सिवान
siwan,सिवान,सिवान
sisva,सिसवा,सिस्व
siswa,सिसवा,सिस्वा
cil,सीआईएल,सील
csi,सीएसआई,सीआई
sikar,सीकर,सिकर
seaten,सीटें,सीटें
sitaram,सीताराम,सिताराम
sitaharan,सीताहरण,सिताहरण
cpm,सीपीएम,सीपीएम
cps,सीपीएस,सीपीएस
cbse,सीबीएसई,सीएस
seem,सीम,सीम
sim,सीम,सिम
sealed,सील्ड,सीलेड
shield,सील्ड,शिल्ड
ccd,सीसीडी,सीडी
sugamata,सुगमता,सुगमता
sugmta,सुगमता,सुगमता
sujan,सुजेन,सुजान
sujen,सुजेन,सुजें
suken,सुजेन,सुकें
sujain,सुजैन,सुजाएं
sujhaati,सुझाती,सुझाती
sujhati,सुझाती,सुझाती
sutali,सुतली,सुताली
sutli,सुतली,सूतली
suta,सुता,सुता
sdueep,सुदीप,स्यूपी
sudip,सुदीप,सुदीप
sudhaargrah,सुधारगृह,सुधारग्रह
sudhargrih,सुधारगृह,सुद्रग्रही
sudhargruh,सुधारगृह,सुद्रग्रह
sunaaron,सुनारों,सुनारों
sunaron,सुनारों,सुनारों
sunaseer,सुनासीर,सुनासीर
sunasir,सुनासीर,सुनासीर
suneeti,सुनीति,सुनीति
suniti,सुनीति,सुनिति
sunega,सुनेगा,सुनेगा
suneyga,सुनेगा,सुनेगा
superhit,सुपरहिट,सुपरहित
supachy,सुपाच्य,सुपची
supachya,सुपाच्य,सुपाच्य
supachye,सुपाच्य,सुपच्य
subhaay,सुभाय,सुभाय
subhay,सुभाय,सुभाय
surveen,सुरवीन,सुर्वीन
survin,सुरवीन,सुर्वीन
surana,सुराणा,सुराना
sulkhan,सुलखान,सुल्खन
suljaayi,सुलझाई,सुलझायी
suljayi,सुलझाई,सुलझाई
suljhai,सुलझाई,सुलझाई
sulzai,सुलझाई,सुलझाई
sultana,सुलताना,सुल्तना
sulaati,सुलाती,सुलाती
sulati,सुलाती,सुलती
susanskrit,सुसंस्कृत,सुसंस्कृत
susanskrut,सुसंस्कृत,सुससंकृत
suhagin,सुहागिन,सुहागीन
soond,सूंड़,सूंड
sund,सूंड़,सुंड
suiyan,सूइयां,सुईयन
sukhati,सूखती,सुखती
sukhti,सूखती,सूखती
sukhakar,सूखाकर,सुखाकर
soochak,सूचक,सूचक
suchak,सूचक,सुचाक
sooja,सूजा,सूजा
suja,सूजा,सुजा
suba,सूबा,सुबा
sube,सूबे,सुबे
sooraj,सूरज,सूराज
suraj,सूरज,सुराज
surinaam,सूरीनाम,सुरीनाम
surinama,सूरीनाम,सुरीनामा
suriname,सूरीनाम,सुरिनामे
suryadev,सूर्यदेव,सूर्यवेद
sendha,सेंधा,सेंधा
senvai,सेंवई,सेनवाई
sevai,सेंवई,सेवाई
sensing,सेंसिंग,सेंसिंग
sexual,सेक्सुअल,सेक्सल
saturday,सेटरडे,सतुरदाय
seti,सेटी,सेटी
seto,सेटो,सेटो
seth,सेथ,सेठ
safety,सेफ्टी,सफेटी
semen,सेमिन,सीमें
semin,सेमिन,सेमिन
self,सेल्फ,सेल्फ
selfie,सेल्फी,सेल्फी
save,सेव,सावे
sev,सेव,सेव
sevakon,सेवकों,सेवकों
sevkon,सेवकों,सेवकों
samuels,सैम्युल्स,समेल्स
celery,सैलरी,सेलरी
salary,सैलरी,सलारी
sakar,सॉकर,साकर
socar,सॉकर,सोकर
soccer,सॉकर,सॉसर
songs,सॉन्ग्स,सॉंग्स
solicitor,सॉलिसिटर,सोलिसिटर
sochane,सोचने,सोचने
sochne,सोचने,सोचने
sonu,सोनू,सोन
soma,सोमा,सोमा
spma,सोमा,स्पीएम
somi,सोमी,सोमी
soy,सोय,सॉय
soya,सोया,सोया
solitaire,सोलिटेयर,सोलीटायर
soharai,सोहराई,सोहराई
sohrai,सोहराई,सोहराई
sohaval,सोहावल,सोहवल
sohawal,सोहावल,सोहाल
saunpane,सौंपने,सौंपने
sonpne,सौंपने,सॉपने
scala,स्काला,स्काला
skala,स्काला,स्कला
ski,स्की,स्की
scootaron,स्कूटरों,स्कॉटरों
scooteron,स्कूटरों,स्केटरों
skootaron,स्कूटरों,स्कूतरों
scandinavia,स्कैंडिनेविया,स्केनिदिया
scaining,स्कैनिंग,स्कीनिंग
scanning,स्कैनिंग,स्कैनिंग
squash,स्क्वाश,स्काश
squash,स्क्वैश,स्काश
skhalan,स्खलन,स्खलन
stain,स्टैन,स्टेन
stan,स्टैन,स्टन
stop,स्टॉप,स्टूप
stops,स्टॉप्स,स्टॉप्स
stone,स्टोन,स्टोन
straws,स्ट्रास,स्ट्रास
stress,स्ट्रास,स्ट्रेस
stra,स्ट्रे,स्ट्रा
stray,स्ट्रे,स्ट्रे
stre,स्ट्रे,स्टर
strocks,स्ट्रोक्स,स्ट्रॉक्स
strokes,स्ट्रोक्स,स्ट्रोक्स
stan,स्तन,स्टन
stanadhari,स्तनधारी,स्तनाधारी
standhaari,स्तनधारी,स्तंधारी
standhari,स्तनधारी,स्तंधारी
sthiti,स्तिथि,स्थिति
stithi,स्तिथि,स्तिथी
stuti,स्तुति,स्टूटी
sthitiyaan,स्थितियां,स्थितियां
sthitiyan,स्थितियां,स्थितियां
sthitiyon,स्थितियों,स्थितियों
sthool,स्थूल,स्थूल
sthul,स्थूल,स्थल
sthoolta,स्थूलता,स्थलता
sthulata,स्थूलता,स्थलता
sneakers,स्नीकर्स,स्नेकर्स
snickers,स्नीकर्स,स्निकर्स
snikarse,स्नीकर्स,स्निकर्स
spear,स्पीयर,स्पेयर
spell,स्पेल,स्पेल
spelar,स्पेलर,स्पेलर
speller,स्पेलर,स्पेलर
sprint,स्प्रिट,स्प्रिंट
sprit,स्प्रिट,स्प्रिट
spray,स्प्रे,स्पराय
spry,स्प्रे,स्परी
sfoorti,स्फूर्ति,स्फूर्ति
sfurti,स्फूर्ति,स्फूर्टी
sphoorti,स्फूर्ति,स्फूर्ति
slide,स्लाइड,स्लाइड
slider,स्लाइडर,स्लीडर
slaaidon,स्लाइडों,स्लैडें
slidon,स्लाइडों,स्लीडों
sliders,स्लाइड्स,स्लीडर्स
slides,स्लाइड्स,स्लाइड
slice,स्लाइस,स्लाइस
slash,स्लैश,स्लाश
swaroopon,स्वरुपों,स्वरूपों
swarupon,स्वरुपों,स्वरूपों
swa,स्वा,स्व
swaachaalit,स्वाचालित,स्वाचालित
swachalit,स्वाचालित,स्वचालित
swaarthparak,स्वार्थपरक,स्वार्थपारक
swarthparak,स्वार्थपरक,स्वर्थपारक
swiftlate,स्विफ्टलेट,स्विफ्टलेट
swiftlet,स्विफ्टलेट,स्विफ्टलेट
sweekarte,स्वीकारते,स्वीकारते
swikarte,स्वीकारते,स्वीकारते
sweet,स्वीट,स्वीत
sweep,स्वीप,स्वीप
sweccha,स्वेच्छा,स्वेच्छा
swecha,स्वेच्छा,स्वेचा
swechha,स्वेच्छा,स्वेच्छा
sweta,स्वेता,स्वेता
swap,स्वैप,स्वाप
swipe,स्वैप,स्विप
handiya,हंडिया,हंदिया
handiyaa,हंडिया,हंदिया
hundiya,हंडिया,हुंडिया
hakikat,हकीकत,हकिकत
haqeeqat,हकीकत,हाकेचात
hathiya,हथिया,हथिया
hamala,हमला,हमला
hamla,हमला,हमला
hamalavar,हमलावर,हमलावर
hamlavar,हमलावर,हमलावर
humlavar,हमलावर,हमलावर
hamaal,हमाल,हमाल
hamal,हमाल,हमल
hercules,हरक्यूलिस,हर्कल्स
hardas,हरदास,हरदास
harpaal,हरपाल,हरपाल
harpal,हरपाल,हरपाल
harvansh,हरवंश,हरवंश
haraval,हरावल,हरावल
harawal,हरावल,हरावल
hurricane,हरिकेन,हुरिकाइन
harijan,हरिजन,हरिजन
hariyali,हरियाली,हरियाली
harshit,हर्षित,हर्षित
haldi,हल्दी,हलदी
halla,हल्ला,हल्ला
hawamahal,हवामहल,हवाहाल
hawalaat,हवालात,हवालात
hawalat,हवालात,हवालत
hasino,हसीनों,हासिनो
hasinon,हसीनों,हासिनों
haan,हां,हान
han,हां,हान
haanfte,हांफते,हांफते
hafate,हांफते,हफते
hanfte,हांफते,हैंफते
higman,हाइमन,हिग्मान
hymen,हाइमन,ह्यमें
hadauti,हाड़ौती,हडौती
haani,हानी,हानी
hani,हानी,हानी
haarjeet,हारजीत,हरजीत
harjeet,हारजीत,हरजीत
haaranaa,हारना,हराना
harana,हारना,हराना
harna,हारना,हरना
haalchaal,हालचाल,हालचाल
haalchal,हालचाल,हालचाल
halchaal,हालचाल,हल्चाल
halchal,हालचाल,हल्चल
halt,हाल्ट,हल्ट
hault,हाल्ट,हॉल्ट
hahakar,हाहाकार,हहाकर
hingis,हिंगिस,हिंगिस
hindan,हिंडन,हिंदन
hindon,हिंडन,हिंडों
hijada,हिजड़ा,हिजड़ा
hijda,हिजड़ा,हिजड़ा
hijbul,हिजबुल,हिजबुल
hippo,हिप्पो,हिप्पो
hippopotamus,हिप्पोपोटेमस,हिप्पोपॉट्स
himali,हिमाली,हिमाली
hilane,हिलने,हिलाने
hilne,हिलने,हिलने
hisham,हिशाम,हिशम
heeraganj,हीरागंज,हीरागंज
hiraganj,हीरागंज,हिरागंज
heroes,हीरोज,हेरोस
heros,हीरोज,हेरोस
hui,हुईं,हुई
huin,हुईं,हुइं
hooper,हूपर,हूपर
huppar,हूपर,हप्पर
hupper,हूपर,हप्पर
hegde,हेगडे,हेड
hemvati,हेमवती,हेमवती
hemwati,हेमवती,हेमवती
help,हेल्प,हेल्प
helper,हेल्पर,हेल्पर
haito,हैतो,हैटो
hairam,हैरम,हैराम
harem,हैरम,हरेम
herald,हैराल्ड,हेरल्ड
haive,हैव,हैवे
have,हैव,हवे
hong,हॉन्ग,होंग
half,हॉफ,हाफ
hoaf,हॉफ,होफ
hounga,होऊंगा,हाउंगा
holding,होल्डिंग,होल्डिंग
hoshangabaad,होशंगाबाद,होशंगाबाद
hoshangabad,होशंगाबाद,होशंगाबाद
hostes,होस्टेस,होस्ट्स
hostess,होस्टेस,होस्टेस
