source	target	prediction
ank	अंक	एंक
anka	अंक	अंका
ankit	अंकित	अंकित
anakon	अंकों	अनकों
ankhon	अंकों	अंखों
ankon	अंकों	अंकों
angkor	अंकोर	अंगकर
ankor	अंकोर	अंकोर
angaarak	अंगारक	अंगारक
angarak	अंगारक	अंगरकक
angraji	अंग्रज़ी	अंग्राजी
angreji	अंग्रज़ी	अंग्रेजी
angrzi	अंग्रज़ी	अंग्री
antah	अंतः	अंताह
antaha	अंतः	अंताहा
antarmukh	अंतर्मुख	अंतरमुख्ख
antmurkh	अंतर्मुख	अंतमुर्ख
antrmukh	अंतर्मुख	अंत्रमुख
andrabee	अंद्राबी	अंद्रबी
andrabi	अंद्राबी	अंद्रबी
andha	अंधा	अंधा
andhapan	अंधापन	अंधपन
andheri	अंधेरी	अंधेरी
ambaani	अंबानी	अमबानी
ambani	अंबानी	अमबानी
akram	अकरम	अक्रम
acapulco	अकापुल्को	अकपुल्को
akapulko	अकापुल्को	अकपुलको
akhand	अखंड	अखांड
akhil	अखिल	अखिल
agavai	अगवाई	अगवाई
agvaai	अगवाई	अगवाई
augustine	अगस्टाइन	औगस्टिन
augustustine	अगस्टाइन	औगस्टुस्टिन
agsta	अगस्ता	अगस्ता
agusta	अगस्ता	अगुस्त
augusta	अगस्ता	औगुस्त
agr	अग्र	अग्र
agra	अग्र	अग्र
achambha	अचंभा	अचमभा
achanbha	अचंभा	अचंभा
achievement	अचीवमेंट	अचिवेंट
achivement	अचीवमेंट	अचिवेंट
acchi	अच्छी	अच्ची
achchi	अच्छी	अच्छी
achhi	अच्छी	अछी
achyut	अच्युत	अच्युत
achhanera	अछनेरा	अच्छेरा
achnera	अछनेरा	अचनरा
ajmeedh	अजमीढ़	अजमीद
ajhar	अजहर	अझार
azhar	अजहर	अभार
ajit	अजित	अजीत
agnat	अज्ञात	अग्नत
agyaat	अज्ञात	अग्ञात
agyat	अज्ञात	अग्यत
atakta	अटकता	अतकता
atkata	अटकता	अत्कता
atake	अटके	अतके
atke	अटके	एटके
atwaal	अटवाल	अत्वाल
atwal	अटवाल	अत्वाल
attahasa	अट्टहास	अत्थाहासा
atthaas	अट्टहास	अत्थास
atthas	अट्टहास	अत्थास
addon	अड्डों	एडडों
athak	अथक	अथक
atharv	अथर्व	अठारव
atharva	अथर्व	अठारवा
adad	अदद	अदाद
adaani	अदाणी	अदानी
adani	अदाणी	अदानी
advait	अद्वैत	अद्वित
adwait	अद्वैत	अद्वित
advaitvaad	अद्वैतवाद	अद्वितवाद
advaitwad	अद्वैतवाद	अद्वितवाद
adhivas	अधिवास	अधिवास
adhiwas	अधिवास	अधिवास
advivas	अधिवास	अद्ववास
adhiik	अधीक	अधिक
adhik	अधीक	अधिक
adhyayanarat	अध्ययनरत	अध्यययरत
adhyayanrat	अध्ययनरत	अध्ययनरत
adhyaynrat	अध्ययनरत	अध्ययनरत
anant	अनंत	अनंत
ananti	अनंती	अनंती
angadh	अनगढ़	अंगढ़
angarh	अनगढ़	अंगरह
anchahe	अनचाहे	अंचाहे
anthak	अनथक	अंथक
unthak	अनथक	उनतथक
anhoni	अनहोनी	अन्हेनी
anaavashyak	अनावश्यक	अनावश्यक
anavashyak	अनावश्यक	अनावश्यक
anavshyak	अनावश्यक	अनावश्यक
anawashyak	अनावश्यक	अनावश्यक
anik	अनिक	अनिक
anishwarvadi	अनीश्वरवादी	अनिष्वृवादी
anishwarwadi	अनीश्वरवादी	अनिष्वृवादी
anukoltha	अनुकूलता	अनुकोल्ठा
anukulata	अनुकूलता	अनुकुलता
anukulta	अनुकूलता	अनुकुलता
anuchit	अनुचित	अनुचित
anuprayogi	अनुप्रयोगों	अनुप्रयोगी
anuprayogon	अनुप्रयोगों	अनुप्रयोगों
anupryogon	अनुप्रयोगों	अनुप्रिगों
anureet	अनुरीत	अनुरेत
anurit	अनुरीत	अनुरित
anuthi	अनूठी	अनुठि
anudit	अनूदित	अनुदित
anyaay	अन्याय	अन्याय
anyay	अन्याय	अन्याय
anyaya	अन्याय	अन्याय
apnani	अपनानी	अपनानी
aparivartanshali	अपरिवर्तनशील	अपरिवर्तनशाली
aparivartansheel	अपरिवर्तनशील	अपरिवर्तनशील
aparivartanshil	अपरिवर्तनशील	अपरिवर्तनशिल
apariharya	अपरिहार्य	अपरिहार्य
aprihary	अपरिहार्य	अप्रिर्य
apriyary	अपरिहार्य	अप्रियार्य
apavartit	अपवर्तित	अपवर्तित
apvartit	अपवर्तित	अपवर्तित
apvtrit	अपवर्तित	अपवृतृत
apaardarshi	अपारदर्शी	अपारदर्शी
apardarshi	अपारदर्शी	अपरदर्शि
afroj	अफरोज	अफरोज
afroz	अफरोज	एफरो
africa	अफ्रीका	अफ्रिका
abbaasi	अब्बासी	अब्बासी
abbasi	अब्बासी	अब्बसी
abhimat	अभिमत	अभिमत
abhishap	अभिशाप	अभिषाप
abhi	अभी	अभि
amjhera	अमझेरा	अमझेरा
amzera	अमझेरा	अमजीरा
amargad	अमरगढ़	अमरगद
amargarh	अमरगढ़	अमरगगढ़
amarpaal	अमरपाल	अमरपाल
amarpal	अमरपाल	अमरपाल
amarohi	अमरोही	अमरोही
amrohi	अमरोही	अमृही
amaanat	अमानत	अमानत
amanat	अमानत	अमानत
amanth	अमानत	अमांथ
amaanati	अमानती	अमानती
amanathi	अमानती	अमानथी
amanati	अमानती	अमानती
amavasya	अमावस्या	अमावस्य
amavsya	अमावस्या	अमावस्य
amit	अमित	अमीत
amitao	अमिताव	अमीताओ
amitav	अमिताव	अमीताव
amuk	अमुक	अमूक
amogh	अमोघ	अमोग
ambani	अम्बानी	अमबानी
ayodhyaanaath	अयोध्यानाथ	अयोध्यााथ
ayodhyanaath	अयोध्यानाथ	अयोध्यनाथ
ayodhyanath	अयोध्यानाथ	अयोध्याथ
ayodhyeanath	अयोध्यानाथ	अयोध्यंथ
aradas	अरदास	अरदास
ardaas	अरदास	अर्दास
ardas	अरदास	अर्ास
arabab	अरबाब	अरबब
arbab	अरबाब	अरबब
around	अराउंड	अरोंड
arjent	अर्जेंट	अर्जेंट
urgent	अर्जेंट	उर्जेंट
arth	अर्थ	अर्थ
artha	अर्थ	अर्था
earth	अर्थ	एर्थ
earthquake	अर्थक्वेक	एर्थकुकेक
arthon	अर्थों	अर्थों
arpit	अर्पित	अर्पित
aryama	अर्यमा	अर्यमा
aryma	अर्यमा	अर्यमा
arymaa	अर्यमा	अर्यमा
alankaar	अलंकार	अलंकार
alankar	अलंकार	अलंकर
alnkaar	अलंकार	अलंकार
alankaaron	अलंकारों	अलंकारों
alankaron	अलंकारों	अलंकरों
alnkaaron	अलंकारों	अलंकारों
alnkaron	अलंकारों	अलंकरों
alagavavadi	अलगाववादी	अलगववादी
algavvadi	अलगाववादी	अलगववादी
algavwaadi	अलगाववादी	अलगववादी
alive	अलाइव	अलिवे
alance	अलायंस	अलंंस
alayans	अलायंस	अलांस
aliance	अलायंस	एलिंस
alind	अलिंद	अलिंद
alai	अली	अलाई
ali	अली	अली
alii	अली	अली
alonso	अलोंसो	अलोंसो
aloso	अलोंसो	अलोसो
alphabet	अल्फ़ाबेट	अल्घबीत
alba	अल्बा	अल्बा
avantipur	अवंतिपुर	अवंतिपुर
awantipora	अवंतिपुर	अवंतिपूरा
avaru	अवरु	अवरू
avru	अवरु	अवरू
awaru	अवरु	अवरू
avarodhak	अवरोधक	अवरोधक
avrodhak	अवरोधक	अवृद्धक
avrodhk	अवरोधक	अवृद्ध
avarnata	अवर्णता	अवर्णता
avarnataa	अवर्णता	अवर्णता
avranta	अवर्णता	अवृंता
avashist	अवशिष्ट	अवशिस्त
avshisht	अवशिष्ट	अवशिष्ट
awashist	अवशिष्ट	अवशिस्त
avasthaayen	अवस्थाएं	अवस्थाएं
avsthaen	अवस्थाएं	अवस्थाएं
avsthayen	अवस्थाएं	अवस्थाएं
awasthaen	अवस्थाएं	अवस्थाएं
avi	अवि	अवी
avika	अविका	अविका
aviral	अविरल	अविराल
avirl	अविरल	अविरल
avishvaasniy	अविश्वसनीय	अविष्वासनीय
avishvasniy	अविश्वसनीय	अविष्वासनीय
avishvasniya	अविश्वसनीय	अविष्वासनीय
avisvasniya	अविश्वसनीय	अविस्वासनीय
aviva	अवीवा	अविवा
avaigyanic	अवैज्ञानिक	अवैज्ञानिक
avaigyanik	अवैज्ञानिक	अवैज्ञानिक
avegyanik	अवैज्ञानिक	अवेज्ञिनिक
ashaktataa	अशक्तता	अशक्तता
ashktta	अशक्तता	अश्कता
asharaphi	अशरफी	अशरर्थी
ashrafi	अशरफी	अश्रफी
ashariri	अशरीरी	अशरिरी
ashriri	अशरीरी	अश्रि
ashrvatath	अश्वत्थ	अश्र्वत्थ
ashvtth	अश्वत्थ	अश्वत्थ
asamaany	असमान्य	असमान्य
asamany	असमान्य	असमान्य
asmanye	असमान्य	असमान्य
asaamnjsy	असामंजस्य	असामंज्व
asamanjasy	असामंजस्य	असमंजस्य
asamanjasya	असामंजस्य	असमंजस्य
asurakshit	असुरक्षित	असुरक्षित
asurkshit	असुरक्षित	असुरक्षित
aset	असेट	असेत
asset	असेट	असेत
asvabhavik	अस्वभाविक	अस्वभाविक
aswabhavik	अस्वभाविक	अस्वभाविक
aswbhavik	अस्वभाविक	अस्भविक
ahirauli	अहिरौली	अहरौली
item	आइटम	इतम
items	आइटम्स	इतमम्स
idle	आइडल	इडल
idol	आइडल	इडोल
icc	आइसीसी	आईसीसी
iso	आइसो	आईए
ipc	आईपीसी	आईपीसी
ipad	आईपैड	इपाड
iris	आईरिस	इरिस
ounce	आउंस	ऊंंस
aakaash	आकाश	आकाश
aakash	आकाश	आक्ष
aake	आके	आके
aakhet	आखेट	आखेत
akhet	आखेट	अखेत
aagat	आगत	आगत
aagaman	आगमन	आगमान
aagman	आगमन	आगमान
aagaa	आग़ा	आगा
aagah	आग़ा	आगाह
agha	आग़ा	अघा
aagaashe	आगाशे	आगाशे
aagashe	आगाशे	आगाशे
agashe	आगाशे	अग्शे
aajmaanaa	आजमाना	आजमाना
aajmana	आजमाना	आजमाना
aazmaanaa	आजमाना	आजमाना
aata	आटा	आता
ata	आटा	आता
atta	आटा	अत्ता
aatmayen	आत्माएं	आत्मयं
atmaen	आत्माएं	अत्माएं
aadaan	आदान	आदान
aadan	आदान	आदान
aadhaarit	आधारित	आधारित
aadharit	आधारित	आधारित
adharit	आधारित	अधारित
aadheen	आधीन	आधेन
aadhin	आधीन	आधिन
aadhunik	आधुनिक	आधुनिक
aanad	आनद	आनाद
aanand	आनद	आनंद
anand	आनद	अनंद
aapka	आपका	आपका
aapkaa	आपका	आपका
aapadaaaen	आपदाएं	आपदाएं
aapdaein	आपदाएं	आपदाएं
aapdayein	आपदाएं	आपदायं
aabantit	आबंटित	आबंतित
abantit	आबंटित	अबंतित
aabru	आबरू	आब्रू
abaru	आबरू	अबरू
aamdan	आमदन	आमदान
amadan	आमदन	अमादन
aamdani	आमदनी	आमदानी
amadani	आमदनी	अमादनी
aamdi	आमदी	आमदी
amdi	आमदी	अमदी
aamod	आमोद	आमोड़
amod	आमोद	अमोड
aayenge	आयेंगे	आयंगे
aayojak	आयोजक	आयोजक
ro	आरओ	रो
rp	आरपी	आरपी
aaraam	आराम	आराम
aaram	आराम	आरम
aram	आराम	अरम
aarushi	आरुषि	आरुषी
arushi	आरुषि	अरुषी
artery	आर्टरी	अर्तरी
order	आर्डर	आर्डर
aary	आर्य	आर्य
aarya	आर्य	आर्य
arya	आर्य	अर्य
aaryika	आर्यिका	आर्यिका
aryika	आर्यिका	अर्यिका
aarya	आर्यो	आर्य
arya	आर्यो	अर्य
aryo	आर्यो	अर्यो
aaryan	आर्यों	आर्यन
arya	आर्यों	अर्य
aryon	आर्यों	अर्यों
aalsi	आलसी	आल्सी
alasi	आलसी	अलासी
aalochak	आलोचक	आलोचक
alochak	आलोचक	अलोचक
aalochakon	आलोचकों	आलोचकों
alochakon	आलोचकों	अलोचकों
aalha	आल्हा	आल्हा
aalhaa	आल्हा	आल्हा
alha	आल्हा	अल्हा
allah	आल्हा	अल्ाह
aawaazen	आवाज़ें	आवाजें
aawajen	आवाज़ें	आवाजें
awaazen	आवाज़ें	अवाजें
awazen	आवाज़ें	अवाजें
aawajon	आवाज़ों	आवाजों
aawazon	आवाज़ों	आवाजों
awaazon	आवाज़ों	अवाजों
awazon	आवाज़ों	अवाजों
aavishakaar	आविष्कार	आविषाकार
aavishkaar	आविष्कार	आविष्कार
avishkar	आविष्कार	अविष्कार
aavriti	आवृत्ति	आवृति
aavritti	आवृत्ति	आवृत्ति
avuti	आवृत्ति	अवुति
aavritiyon	आवृत्तियों	आवृतियों
aavrittiyon	आवृत्तियों	आवृत्तियों
avrutiyon	आवृत्तियों	अवृतियों
aashanka	आशंका	आशंका
ashanka	आशंका	अशंका
aashriton	आश्रितों	आश्रितों
ashriton	आश्रितों	अश्रितों
aasaan	आसान	आसान
aasan	आसान	आसन
asan	आसान	असन
aastik	आस्तिक	आस्तिक
astik	आस्तिक	अस्तिक
aasteen	आस्तीन	आस्तें
aastin	आस्तीन	आस्तिन
astin	आस्तीन	अस्तिन
aahnaan	आह्नान	आह्नान
aahnan	आह्नान	आहनन
ahyan	आह्नान	अह्वान
england	इंग्लैंड	इंगलैंड
engineer	इंजिनियर	इंगिनियर
introduction	इंट्रोडक्शन	इंट्रोडक्शन
insurance	इंश्योरेंस	इंसरांस
ear	इअर	एर
eyer	इअर	एयर
eon	इआन	इन
iaan	इआन	इयन
ekattha	इकट्ठा	एकत्ठा
ikattha	इकट्ठा	इकत्ठा
ekatthi	इकठ्ठी	एकत्थी
ekthi	इकठ्ठी	एक्ठी
ikatthi	इकठ्ठी	इकत्ठी
ekaee	इकाई	एकाई
ikai	इकाई	इकाई
ekaeyon	इकाईयों	एकाएयों
ikaiyon	इकाईयों	इकाइयों
ikarion	इकाईयों	इकरियों
economic	इकोनोमिक	इकोनोमिक
ecuador	इक्वाडोर	एक्वाबर
equador	इक्वाडोर	एक्वाबर
equities	इक्विटीज	एक्यूटिस
ikvitija	इक्विटीज	इकवितिजा
ijaajat	इजाजत	इजाज़त
ijajat	इजाजत	इजजात
inhalation	इनहेलेशन	इन्हालेशन
inhaletion	इनहेलेशन	इन्हालेटन
ibija	इबीजा	इबिजा
ibiza	इबीजा	इबीजा
imaging	इमेजिंग	इमैगिंग
immune	इम्युन	इमूने
elaichi	इलाइची	इलाइची
ilaichi	इलाइची	इलाइची
ilayachi	इलाइची	इलायची
ilayichi	इलाइची	इलायिची
elaaj	इलाज	इलाज
ilaaj	इलाज	इलाज
ilaj	इलाज	इलाज
ishaak	इशाक	इशाक
ishaaq	इशाक	इशाक
ishak	इशाक	इशक
ishaara	इशारा	इशारा
ishaaraa	इशारा	इशारा
ishara	इशारा	इशारा
ishita	इशिता	इशिता
isht	इष्ट	इश्ट
isteefe	इस्तीफे	इज्टीफ
istife	इस्तीफे	इस्टीफ
ea	ईए	ईए
ia	ईए	ईए
eater	ईटर	इटर
iter	ईटर	इतर
email	ईमेल	एमैल
emailon	ईमेलों	एमैलों
emelon	ईमेलों	एमलों
evening	ईवनिंग	एवेनिंग
east	ईष्ट	ईस्ट
ishat	ईष्ट	इशा
isht	ईष्ट	इश्ट
isaaiyon	ईसाइयों	इसाईयों
isaiyon	ईसाइयों	इसाइयों
isayiyon	ईसाइयों	इसाइयों
ikhrul	उखरुल	इच्रोल
ukhrool	उखरुल	उखरोल
ukhrul	उखरुल	उखरूल
uchhalane	उछालने	उच्चाले
uchhalne	उछालने	उच्चाले
ujback	उज़्बेक	उज्बाक
uzbek	उज़्बेक	उज्बेक
uthane	उठने	उठाने
uthne	उठने	उठने
uthaakar	उठाकर	उठाकर
uthakar	उठाकर	उठाकार
uthaapatak	उठापटक	उठापततक
uthapatak	उठापटक	उठापताक
uthen	उठें	उठें
udaan	उड़ान	उदान
udan	उड़ान	उड़न
udaanaa	उड़ाना	उदाना
udana	उड़ाना	उड़ना
udaane	उड़ाने	उदाने
udane	उड़ाने	उड़ने
udaanen	उड़ानें	उदानें
udanen	उड़ानें	उदननें
udaanon	उड़ानों	उदानों
udanon	उड़ानों	उदानों
utane	उतने	उताने
utaney	उतने	उताने
utne	उतने	उतने
uttara	उत्तरा	उत्तरा
uttra	उत्तरा	उत्त्रा
utpan	उत्पन	उत्पन
udant	उदंत	उदंत
udghosh	उदघोष	उद्घोष
udar	उदर	उदर
uda	उदा	उड़ा
udaa	उदा	उड़ा
udakishuganj	उदाकिशुनगंज	उद्किशुगंज
udakishunganj	उदाकिशुनगंज	उदाकिशुंगन
unatees	उनतीस	यूनाटेस
untees	उनतीस	उनटेस
uniyal	उनियाल	यूनियाल
upadraviyon	उपद्रवियों	उपद्रवियों
updravion	उपद्रवियों	उपद्रवियों
updraviyon	उपद्रवियों	उपद्रवियों
upadravi	उपद्रवी	उपाद्रवी
updravi	उपद्रवी	उपद्रवी
upadrawon	उपद्रवों	उपद्रवों
updravon	उपद्रवों	उपद्रवों
upneta	उपनेता	उपनेता
upabhokta	उपभोक्ता	उपभूकता
upbhokta	उपभोक्ता	उपभूकता
uplaksh	उपलक्ष्य	उपलक्ष
uplakshay	उपलक्ष्य	उपलाक्षय
uplakshya	उपलक्ष्य	उपलक्ष्य
uplabdh	उपलब्ध	उपलब्ध
uplabdhiyon	उपलब्धियों	उपलब्धियों
uplabdhi	उपलब्धी	उपलब्धी
upakhyaanon	उपाख्यानों	उपख्यानों
upakhyanon	उपाख्यानों	उपख्यानों
ubuntu	उबंटू	उबंतु
ubaal	उबाल	उबाल
ubal	उबाल	उबल
ubhaara	उभारा	उभारा
ubhara	उभारा	उभरा
umanath	उमानाथ	उमनाथ
umesh	उमेश	उमेश
urf	उर्फ	यूर
urfa	उर्फ	उरफा
urff	उर्फ	यूर्फ
urvarakon	उर्वरकों	उर्वरकों
urvarkon	उर्वरकों	उर्वर्कों
urwarakon	उर्वरकों	उर्वरकों
urvarata	उर्वरता	उर्वरता
urvarta	उर्वरता	उर्वर्ता
urwarta	उर्वरता	उर्वर्ता
ulate	उलटे	उलाते
ulte	उलटे	उलते
ulahana	उलाहना	उलाहना
ulahna	उलाहना	उलाहना
ulema	उलेमा	उलेमा
ulemaon	उलेमाओं	उलेमाओं
usak	उसक	उसक
usaki	उसकी	उसकी
uski	उसकी	उसकी
usmein	उसमें	उसमें
usmen	उसमें	उसमें
usi	उसी	उसी
ustara	उस्तरा	उस्तरा
udharv	ऊर्ध्व	उधारव
udhrva	ऊर्ध्व	उधर्व
urdhav	ऊर्ध्व	उर्धव
ushma	ऊष्मा	उष्म
rishicool	ऋषिकुल	रिशिकोल
rishikul	ऋषिकुल	ऋषिकुल
rushikul	ऋषिकुल	ऋषिकूल
enzyme	एंजाइम	इंजीम
anton	एंटोन	एंटों
entone	एंटोन	इंटनन
antoni	एंटोनी	अंतोनी
antony	एंटोनी	एंटोनी
endometrial	एंडोमेट्रियल	एंडोट्रियल
andreas	एंड्रियास	एंड्रीस
als	एएलएस	एल्स
asi	एएसआई	असी
eksaath	एकसाथ	एकसाथ
eksath	एकसाथ	एक्ष
ekaki	एकाकी	एककी
xm	एक्सएम	एीएीएम
egmor	एगमोर	एंमर
egmore	एगमोर	एगमर
aj	एजे	एज
agende	एजेंडे	अजेंदे
adp	एडीपी	एडीपी
adain	एडेन	अदैन
aden	एडेन	एडेन
edan	एडेन	एडन
addi	एड्डी	अद्दी
eddi	एड्डी	एडडी
eddie	एड्डी	एडडी
eddy	एड्डी	एडडी
apj	एपीजे	अपजज
ftii	एफटीआईआई	फिटी
abbott	एबट	अब्ब्ट
abut	एबट	अब्त
ebt	एबट	एबीटी
abvp	एबीवीपी	अब्प
abbot	एबोट	अब्ब
abbott	एबोट	अब्ब्ट
mta	एमटीए	मैटाए
mtake	एमटेक	मैके
mtec	एमटेक	मैट
mtech	एमटेक	मीच
emerald	एमरल्ड	एमरल्ड
emrald	एमरल्ड	एमरल्ड
emil	एमिल	एमील
emile	एमिल	एमिले
emily	एमिल	एमिली
amy	एमी	अम्य
emi	एमी	एमी
airway	एयरवे	एयरवे
eyarave	एयरवे	एयरवे
eyarve	एयरवे	एयरवे
error	एरर	एरर
arica	एरिका	अरिका
erica	एरिका	एरिका
erika	एरिका	एरिका
aerobic	एरोबिक	एरोबिक
aerobics	एरोबिक	एयरबिक्स
lte	एलटीई	लीए
lti	एलटीई	लीटी
allergic	एलर्जिक	एले्गिक
eliminator	एलिमिनेटर	इलियंटर
aliens	एलियंस	एलिंस
alliance	एलियंस	एलिंस
asian	एशियन	असियां
sfc	एसएफसी	सीसी
sk	एसके	एससी
spf	एसपीएफ	सीपीफी
association	एसोसिएशन	असोसिएशन
astar	एस्टर	अस्तर
aster	एस्टर	एस्टर
ester	एस्टर	एस्टर
aesthetics	एस्थेटिक	एस्टेटिक्स
asthetic	एस्थेटिक	अस्थितिक
asfalt	एस्फाल्ट	असफलत
asphalt	एस्फाल्ट	अस्चलत
asphault	एस्फाल्ट	अस्फललत
ahsaas	एहसास	अहसास
ehsaas	एहसास	हेसास
ehsas	एहसास	हेस
aisa	एेसा	एसा
eesa	एेसा	एेसा
ainth	ऐंठ	ऐंठ
end	ऐंठ	एंड
enth	ऐंठ	इंठ
ainthey	ऐंठे	एंठे
enthe	ऐंठे	इंठे
aithan	ऐठन	एंठन
ethan	ऐठन	इथठन
ethhan	ऐठन	इथहन
ail	ऐल	एल
el	ऐल	एल
alaps	ऐल्प्स	अलाप्स
alps	ऐल्प्स	एल्प्स
aise	ऐसे	एसे
oxide	ऑक्साइड	ऑक्सीड
oxy	ऑक्सी	आक्सी
offers	ऑफर्स	ऑफ्स
offshor	ऑफशोर	ऑफ़र
offshore	ऑफशोर	ऑफ़र
official	ऑफिशियल	ऑफिसियल
okalahoma	ओकलाहोमा	ओकलाहोमा
oklahoma	ओकलाहोमा	ओकलहोमा
oklahoma	ओक्लाहोमा	ओकलहोमा
ot	ओत	ओट
opel	ओपेल	ओपेल
obrayan	ओब्रायन	ओबरान
obrien	ओब्रायन	अनरीन
oran	ओरण	ओरन
orian	ओरियन	ओरियन
orion	ओरियन	ओरियन
olavrishti	ओलावृष्टि	ओलावृष्टि
ovum	ओवम	अरुम
owem	ओवम	ओवम
oceanic	ओशनिक	ऑकेनिक
osaka	ओसाका	ओसका
auchity	औचित्य	औचित्य
auchitya	औचित्य	औचित्य
audhyogikaran	औद्योगिकरण	औभ्यगिकरण
audyogikarana	औद्योगिकरण	औद्योगिकाण
audyogikikaran	औद्योगिकरण	औद्योगिकिर
aurangabad	औरंगाबाद	औरंगाबाद
aurora	औरोरा	औरोरा
aulakh	औलख	औलखख
kankad	कंकड़	कंकड़
kankar	कंकड़	कंकर
kankad	कंकर	कंकड़
kankar	कंकर	कंकर
kangan	कंगन	कंगन
conjunction	कंजंक्शन	कंंब्टन
contemporary	कंटेम्पररी	कंटमपररी
kanthahar	कंठहार	कंठहरार
kanthhar	कंठहार	कनठार
composer	कंपोजर	कंपोसर
kambalon	कंबलों	कामबलों
kanblon	कंबलों	कांबलों
consultant	कंसलटेंट	कंसल्टेंट
kakkad	कक्कड़	कक्कड़
kakkar	कक्कड़	कक्कर
kacche	कच्चे	कच्चे
kachche	कच्चे	कच्चे
karta	कटरा	करता
katra	कटरा	कटरा
cutlery	कटलरी	कम्री
katlari	कटलरी	कटलारी
katlary	कटलरी	कटलार्य
katasaraj	कटासराज	कटासराज
kathfodave	कठफोड़वे	कठफबावे
kathfodve	कठफोड़वे	कठफ़ब्वे
kathor	कठोर	कथोर
kathore	कठोर	कथोरे
kanika	कणिका	कनिका
kathai	कत्थई	कथाई
katthai	कत्थई	कत्ठाई
katthaii	कत्थई	कत्ठाई
convention	कनवेंशन	कंवेंटन
canals	कनाल	कैनल्स
kanaal	कनाल	कनाल
kanal	कनाल	कनाल
kanindham	कनिंघम	कनिंधम
kaningham	कनिंघम	कनिंघम
kanishthika	कनिष्ठिका	कनिष्ठिका
kanishthikaa	कनिष्ठिका	कनिष्ठिका
kanishtika	कनिष्ठिका	कनिष्टिका
kanyaayen	कन्याएं	कन्याएं
kanyaein	कन्याएं	कन्यीन
kanyayen	कन्याएं	कन्याएं
convention	कन्वेंशन	कंवेंटन
convocation	कन्वोकेशन	कंवोकेशन
cup	कप	कीप
kap	कप	कप
kapda	कपड़ा	कपड़ा
kpada	कपड़ा	कपड़ा
kapdo	कपड़ो	कपड़ो
kapdon	कपड़ो	कपदोों
kaping	कपिंग	कपिंग
kping	कपिंग	क्पिंग
kapolkalpana	कपोलकल्पना	कपोलका्पना
kabaddi	कबड्डी	कबाड़ी
kabr	कब्र	काबर
kabra	कब्र	कबरा
kabren	कब्रें	कबरेन
kabron	कब्रों	काबरों
kamjor	कमज़ोर	कमजोर
kamzor	कमज़ोर	कममूर
kamatar	कमतर	कमातार
kamtar	कमतर	कामतर
kalamjeet	कमलजीत	कलामजीत
kamaljeet	कमलजीत	कमलजीत
kamaauu	कमाऊ	कमौऊ
kamau	कमाऊ	कमाऊ
kamaate	कमाते	कमाते
kamate	कमाते	कमाते
kamere	कमेरे	कमेरे
kmere	कमेरे	कमरे
karanj	करंज	करंज
kranj	करंज	क्रांज
karanjiya	करंजिया	करंजीय
kardhe	करघे	कर्धे
karghe	करघे	कर्घे
karachana	करछना	कराचना
karchhana	करछना	कर्चना
karna	करना	कर्ण
karpatri	करपात्री	करपत्री
karam	करम	कराम
karoor	करूर	करोर
karur	करूर	करुर
karnataka	कर्नाटका	कारणताका
karvi	कर्वी	करवी
kurvi	कर्वी	कुर्वी
kalmein	कलमें	कल्मीन
kalmen	कलमें	कालमें
kalraj	कलराज	कलराज
kalika	कलिका	कलिका
kalpanaon	कल्पनाओं	कल्पनाओं
kalpnaon	कल्पनाओं	कल्पनाओं
kavvaliyon	कव्वालियों	कवववालियों
qawwaliyon	कव्वालियों	कवववलियों
kavvali	कव्वाली	कवववाली
qawwali	कव्वाली	कवववली
kashton	कष्टों	कष्टों
kasarat	कसरत	कसरत
kasrat	कसरत	कसरत
kasara	कसारा	कसरा
kasida	कसीदा	कसीदा
kahane	कहने	कहाने
kahne	कहने	कहने
kahlaya	कहलाया	कहलाया
kahaniyon	कहानियों	कहनियों
kile	क़िले	किले
kanji	कांजी	कनजी
cant	कांट	कैंट
kant	कांट	कांट
kanti	कांति	कांती
kakoo	काकू	काको
kaku	काकू	काकू
kaagaj	कागज़	कागज
kaagaz	कागज़	कागाज़
kagaj	कागज़	कगगज़
kagaz	कागज़	कगगज़
kaaji	काजी	काजी
kaji	काजी	काजी
kazi	काजी	काजी
qazi	काजी	काजी
kajoo	काजू	काजू
kaju	काजू	काजू
kapadi	कापड़ी	कपड़ी
kapdi	कापड़ी	कपड़ी
kamraj	कामराज	कमराज
kamottejana	कामोत्तेजना	कमोत्तेजना
kamottejna	कामोत्तेजना	कमोट्टजना
kailana	कायलाना	कैलना
kaylana	कायलाना	कायलना
carfi	कार्की	कारफी
karki	कार्की	कर्की
kartik	कार्तिक	कार्तिक
karyakartaon	कार्यकर्ताओं	कार्यकर्ताओं
karykartaaon	कार्यकर्ताओं	कार्यकर्ताओं
karykartaon	कार्यकर्ताओं	कार्यकर्ताओं
karyabhar	कार्यभार	कार्यभार
karybhar	कार्यभार	कार्यभार
karyarat	कार्यरत	कार्यारत
karyrat	कार्यरत	कार्यरत
kaalpi	कालपी	कालपी
kalapi	कालपी	कलापी
kalpi	कालपी	कल्पी
kalika	कालिका	कलिका
kalighat	कालीघाट	कलिघट
coldvel	काल्डवेल	कोल्डेल
kaldvel	काल्डवेल	कलद्वील
kaldwell	काल्डवेल	काल्डील
kaav	काव	काव
kav	काव	कव
kaasht	काश्त	काश्ट
kasht	काश्त	काष्ट
kasim	कासिम	कसीम
qasim	कासिम	कसिम
kasimabad	कासिमाबाद	कसीमबाद
kiya	किया	किया
kiliyan	किलियन	किलियां
killat	किल्लत	किल्
killi	किल्ली	किली
kisaani	किसानी	किसानी
kisani	किसानी	किसनी
kisanon	किसानों	किसनों
keede	कीड़े	कीड़े
kide	कीड़े	कीड़े
keynote	कीनोट	केनोट
kinote	कीनोट	किनोट
kiratpur	कीरतपुर	किरातपुर
kundal	कुंडल	कुंदल
kundaliya	कुंडलियाँ	कुंदलिया
kundaliyan	कुंडलियाँ	कुंदलियां
kutta	कुत्ता	कुटता
kuposhit	कुपोषित	कुपूषित
kumau	कुमाऊ	कुमाऊ
kumavat	कुमावत	कुमावत
kumawat	कुमावत	कुमावत
kural	कुराल	कुरल
kurmi	कुर्मी	कुर्मी
kursiyon	कुर्सियों	कुरसियों
kush	कुश	कुष
kushaan	कुषाण	कुशान
kushan	कुषाण	कुशन
kusumalataa	कुसुमलता	कुसुमालता
kusumalta	कुसुमलता	कुसुमालता
kusumlata	कुसुमलता	कुसुमलता
koot	कूट	कूट
kut	कूट	कूट
kritika	कृतिका	कृतिका
kpo	केपीओ	कोपो
canterbari	कैंटरबरी	कंटरबारी
canterbury	कैंटरबरी	कैंट्र्बरी
candidate	कैंडिडेट	कैंडिडेट
katrina	कैटरीना	कटरिना
caitlyn	कैटलिन	कैटलीन
cateline	कैटलिन	कैटलिइन
catlin	कैटलिन	कैटिन
cadmium	कैडमियम	कैडमियम
catholic	कैथोलिक	कैथोलिक
catholicon	कैथोलिकों	कैथोलिकों
kaetholikon	कैथोलिकों	कैथोलिकों
capacitor	कैपेसिटर	कैपाटिटर
carat	कैरेट	करात
cavity	कैविटी	कैविटी
cavalry	कैवेलरी	कवारी
kaivelari	कैवेलरी	कैवेलरी
complex	कॉम्प्लेक्स	कॉप्लेक्स
kocchi	कोच्चि	कोची
kochi	कोच्चि	कोची
corridor	कोरिडोर	कॉरिडोर
corolla	कोरोला	कोरोला
korola	कोरोला	कोरोला
caolan	कोलन	कोलन
colan	कोलन	कोलन
colon	कोलन	कोलों
calling	कोलिंग	कैलिंग
koling	कोलिंग	कोलिंग
colorado	कोलोराडो	कोलोड
kolorado	कोलोराडो	कोलोराडो
kaushal	कौशल	कौषल
kaushalata	कौशलता	कौशलता
kaushalta	कौशलता	कौशलता
kaushambi	कौशाम्बी	कौशमबी
cute	क्यूट	कुटे
quete	क्यूट	क्वेट
cube	क्यूब	कुबे
cubeck	क्यूबेक	कुबेक
quebec	क्यूबेक	क्वीब
cubes	क्यूब्स	कुब्स
krantiyon	क्रांतियों	क्रांतियों
cric	क्रिक	क्रिक
crick	क्रिक	क्रिक
cricket	क्रिकेट	क्रिक्ट
cricketer	क्रिकेटर	क्रिक्टर
cricketing	क्रिकेटिंग	क्रिक्टिंग
kriyayog	क्रियायोग	क्रियायोग
christian	क्रिश्चयन	च्रिस्टियन
kruger	क्रूगर	कृगे
craig	क्रेग	क्राइग
creg	क्रेग	क्राग
cradle	क्रैडल	क्रेडल
chrom	क्रोम	क्रोम
chrome	क्रोम	क्रोम
client	क्लांइट	क्लिंट
clock	क्लाक	क्लॉक
clasen	क्लासें	क्लासन
classen	क्लासें	क्लासन
classon	क्लासों	क्लासन
clay	क्ले	क्ले
claris	क्लेरिस	क्लारिस
cleris	क्लेरिस	क्री
clerys	क्लेरिस	क्री
quantico	क्वांटिको	कुांटिको
queens	क्वींस	क्वेंस
kshitij	क्षितिज	क्षििज
shitij	क्षितिज	शिजिज
kshin	क्षीण	क्षिन
shin	क्षीण	शीन
kshetron	क्षेत्रों	क्षेत्रों
shetron	क्षेत्रों	शेत्रों
khand	खंडा	खंड
khanda	खंडा	खंडा
khachakhach	खचाखच	खचाच
khajarana	खजराना	खजारना
khajraana	खजराना	खजराना
khajrana	खजराना	खजराना
khatakati	खटकती	खतकती
khatakti	खटकती	खतकती
kihatkati	खटकती	खिहत्ताी
khattapan	खट्टापन	खत्तापन
khat	खत	खत
khani	खनि	खानी
khanik	खनिक	खानिक
khanikarm	खनिकर्म	खनीकर्म
khanikarma	खनिकर्म	खनिकर्म
khanikarmi	खनिकर्म	खनीकर्मी
khapat	खपत	खपत
khariya	खरिया	खरीया
khalnayak	खलनायक	खलनायक
khaaskar	ख़ासकर	खास्कर
khaskar	ख़ासकर	खसकर
khaastaur	ख़ासतौर	खास्तौर
khastaur	ख़ासतौर	खस्तूर
khaibar	ख़ैबर	खैबर
khyber	ख़ैबर	ख्बर
khaein	खाएं	खाएं
khaen	खाएं	खाएं
khayen	खाएं	खाएं
khaate	खाते	खाते
khaatey	खाते	खाते
khate	खाते	खाते
khal	खाल	खाल
khinchakar	खिंचकर	खिंचकर
khinchkar	खिंचकर	खिंचकर
khilana	खिलाना	खिलना
khinchkar	खींचकर	खिंचकर
khuda	खुदा	खुड़ा
khudai	खुदाई	खुड़ाई
khurapka	खुरपका	खुरापका
khurpaka	खुरपका	खुरपका
khurasan	खुरासान	खुरासन
khushiyan	खुशियां	खुशियां
khene	खेने	खेने
khaini	खैनी	खैनी
khairati	खैराती	खैरती
khoikhoi	खोईखोई	खोखोई
khoya	खोया	खोया
gangrel	गंगरेल	गैंगरल
gangaajal	गंगाजल	गंगाजल
gangajal	गंगाजल	गंगालाल
gandaki	गंडकी	गंदकी
gandki	गंडकी	गंदकी
gandh	गंध	गंध
gandha	गंध	गंधा
gae	गए	गाए
gaye	गए	गाये
gajara	गजरा	गजरा
gajra	गजरा	गजरा
gadkar	गडकर	गद्कर
ganapati	गणपति	गणपती
ganpati	गणपति	गंपती
gatisheel	गतिशील	गतिशेल
gatishil	गतिशील	गतिशिल
gatishilata	गतिशीलता	गतिषिलता
gadadhar	गदाधर	गद्धार
gammat	गम्मत	गम्मत
gaya	गया	गाया
garibi	गरीबी	गरिबी
garjana	गर्जना	गर्जना
galgand	गलगंड	गालगंद
gahmagahmi	गहमागहमी	गहमगहममी
gemhagehmi	गहमागहमी	जमहागीमी
ganguly	गांगुली	गंगुल्य
gaanth	गांठ	गांथ
ganth	गांठ	गांथ
gaanthe	गांठे	गांथे
ganthe	गांठे	गंठे
ganthen	गांठें	गंथें
ganthon	गांठों	गंथों
gaen	गाएं	गैन
gayen	गाएं	गायें
gazi	गाज़ी	गाजी
gajipur	गाजीपुर	गजीपुर
gazipur	गाजीपुर	गैजीपुर
gayatri	गायत्री	गायत्री
gayitri	गायत्री	गयित्री
gaytri	गायत्री	गात्ी
gidgidate	गिड़गिड़ाते	गिदगिदाते
ginate	गिनते	गिनते
ginte	गिनते	गिंटे
girkar	गिरकर	गिरकर
girijaghar	गिरजाघर	गिरिजाघर
girjaghar	गिरजाघर	गिरजभार
girijagharon	गिरजाघरों	गिरिजाघरों
girjagharon	गिरजाघरों	गिरजभारों
girati	गिरती	गिरती
girti	गिरती	गिरती
girish	गिरीश	गिरिश
guan	गुआन	गुण
gujar	गुजार	गुजार
gujarata	गुजारता	गुजारता
gujarta	गुजारता	गुजारता
gujarate	गुजारते	गुजारते
gujarte	गुजारते	गुजारते
gujarana	गुजारना	गुजारना
gujarna	गुजारना	गुजरना
gujara	गुजारा	गुजारा
gujare	गुजारे	गुजारे
gutta	गुट्टा	गुत्ता
gthalidar	गुठलीदार	ग्थलीदार
guthalidar	गुठलीदार	गुठलिदार
gudna	गुदना	गुदना
gumaan	गुमान	गुमान
guman	गुमान	गुमान
gulshan	गुलशन	गुलशान
gunga	गूंगा	गुंगा
grihnagar	गृहनगर	गृहंगर
gruhnagar	गृहनगर	गृहंगर
galaxion	गैलेक्सियों	गैल्शन
galaxiyon	गैलेक्सियों	गैल्सियों
galaxyon	गैलेक्सियों	गैल्टन
gochar	गोचर	गोचर
gouchar	गोचर	गोचर
godara	गोदारा	गोदारा
gopichand	गोपीचंद	गोपिचंद
gomake	गोमके	गोमके
gomke	गोमके	गोमके
goel	गोयल	गोल
goyal	गोयल	गोयल
gosvaami	गोस्वामी	गोसवामी
gosvami	गोस्वामी	गोस्वामी
goswami	गोस्वामी	गोसवामी
gaumukh	गौमुख	गौमुख
gomukh	गौमुख	गोमुख
gaumutr	गौमूत्र	गौमुत्र
gaumutra	गौमूत्र	गौमुत्र
gowmutra	गौमूत्र	गोवमत्र
granthiyaan	ग्रंथियां	ग्रांथियां
granthiyan	ग्रंथियां	ग्रांथियां
grandhiyon	ग्रंथियों	ग्रांधियों
granthiyon	ग्रंथियों	ग्रांथियों
greest	ग्रीस्ट	ग्रीज्ट
greist	ग्रीस्ट	ग्रीज्ट
grist	ग्रीस्ट	ग्रिस्ट
greg	ग्रेग	ग्रेग
granite	ग्रेनाइट	ग्रानिट
grenite	ग्रेनाइट	ग्रेनिट
grandson	ग्रैंडसन	ग्रांसों
gross	ग्रॉस	ग्रॉस
ghataatop	घटाटोप	घटातोप
ghatatop	घटाटोप	घटटटोप
ghataayaa	घटाया	घटाया
ghataya	घटाया	घटाया
ghanakar	घनाकार	घनकर
ghabrahat	घबराहट	घबराहट
ghasi	घासी	घाी
ghisai	घिसाई	घिसाई
ghisi	घिसी	घिसी
ghise	घिसे	घिसे
ghumakkadi	घुमक्कड़ी	घूमककाड़ी
ghumakkdi	घुमक्कड़ी	घूमक्की
ghumakkadon	घुमक्कड़ों	घूमक्कड़ों
ghumakkaron	घुमक्कड़ों	घूमककररों
ghumakkdon	घुमक्कड़ों	घुमाककों
ghummakkadon	घुमक्कड़ों	घुम्मकादों
ghumaan	घुमाण	घूमान
ghuman	घुमाण	घूमान
ghoonsa	घूंसा	घूंसा
ghunsa	घूंसा	घूंसा
ghongha	घोंघा	घोंघा
ghontane	घोंटने	घोंटने
ghontne	घोंटने	घोंटने
ghot	घोट	घोट
ghodi	घोड़ी	घोड़ी
ghost	घोस्ट	घोस्ट
changul	चंगुल	चंगुल
chand	चंद	चंद
chandan	चंदन	चंदन
chandana	चंदन	चंदना
chandu	चंदू	चंदू
chandon	चंदों	चंदोों
chandrabali	चंद्रबली	चंद्रबाली
chandramaon	चंद्रमाओं	चंद्रमाओं
chakatte	चकत्ते	चकतते
chaktte	चकत्ते	चक्ते
chakkar	चक्कर	चक्कर
chkkar	चक्कर	चककार
chakshu	चक्षु	चक्षु
chatagaon	चटगांव	चताााओं
chatgaon	चटगांव	चटगाओं
chadhane	चढ़ने	चढ़ने
chadhne	चढ़ने	चढ़ने
chaturdik	चतुर्दिक	चतुर्दिक
chatunshkoniy	चतुष्कोणीय	चतुंशकोंीय
chatushkoniy	चतुष्कोणीय	चतुष्ककोणीय
chatushkoniya	चतुष्कोणीय	चतुष्ककोणिया
channa	चन्ना	चन्ना
chabate	चबाते	चबाते
chabutare	चबूतरे	चबुतरे
chabutre	चबूतरे	चबुत्रे
chamakna	चमकना	चमकना
chamkana	चमकना	चमकाना
charas	चरस	चारस
charit	चरित	चरीत
charcha	चर्चा	चर्चा
churcha	चर्चा	चूर्चा
charchaon	चर्चाओं	चर्चाओं
chalenge	चलेंगे	चलेंगे
chlenge	चलेंगे	चिंगे
chahunaur	चहुंओर	चहुनौर
chahunor	चहुंओर	चाहूनर
chanval	चांवल	चंवाल
chanwal	चांवल	चंवाल
chachaji	चाचाजी	चचाबी
chadar	चादर	चड़ार
chadaron	चादरों	चड़रों
chadron	चादरों	चड्रों
chan	चान	चान
chanan	चानन	चननन
chaplusi	चापलूसी	चपलुसी
chayal	चायल	चयाल
char	चार	चर
charon	चारों	चरों
charge	चार्ज	चर्ज
chart	चार्ट	चर्त
charton	चार्टों	चर्तों
charts	चार्ट्स	चार्ट्स
chaalit	चालित	चालित
chalit	चालित	चलित
chikitsak	चिकित्सक	चिकित्सक
chikitsakon	चिकित्सकों	चिकित्सकों
chikhali	चिखली	चिखली
chiththi	चिट्ठी	चित्ी
chitthi	चिट्ठी	चित्ी
chithhi	चिठ्ठी	चिही
chiththi	चिठ्ठी	चित्ी
chitthi	चिठ्ठी	चित्ी
chidchidapan	चिडचिडापन	चिड़चिड़ापन
chidchidapan	चिड़चिड़ापन	चिड़चिड़ापन
chidhate	चिढ़ते	चिढ़ते
chidhte	चिढ़ते	चिढ़ते
chithrkar	चित्रकार	चित्रकर
chitrkar	चित्रकार	चित्रार
chipakane	चिपकने	चिपकने
chipakne	चिपकने	चिपकने
chipkane	चिपकने	चिपकने
chimati	चिमटी	चिमती
chimti	चिमटी	चिमती
chillane	चिल्लाने	चिल्ने
chee	ची	ची
chi	ची	ची
chuka	चुका	चुका
chune	चुने	चूने
chunar	चूनर	चुनार
changed	चेंज्ड	चंगेद
chetti	चेट्टी	चेती
chennai	चेन्नई	चेननी
chero	चेरो	चेरो
chest	चेस्ट	चेस्त
championship	चैंपियनशिप	चमपियोषििप
chor	चोर	चोर
choro	चोरों	चोरो
choron	चोरों	चोरों
chauk	चौक	चौक
chowk	चौक	चोव
chauka	चौका	चौका
chuka	चौका	चुका
chaukiyan	चौकियां	चौकियां
chauki	चौकी	चौकी
chaukhate	चौखटे	चौखते
chauguni	चौगुनी	चौगुनी
chauda	चौड़ा	चौड़ा
chaudah	चौड़ा	चौदाह
chaudahavan	चौदहवां	चौदहावन
chaudhavan	चौदहवां	चौधवान
chaudhawan	चौदहवां	चौधववान
chaupati	चौपाटी	चौपती
chupaty	चौपाटी	चुपात्य
chaupal	चौपाल	चौपाल
chaurai	चौरई	चौराई
chausinga	चौसिंगा	चौसिंगा
chausingha	चौसिंगा	चौसिंह
chhagan	छगन	छगन
chhabi	छबि	छाबी
chhalla	छल्ला	छल्ला
chhallaa	छल्ला	छल्ला
chhaviyaan	छवियाँ	छवियां
chhaviyan	छवियाँ	छवियां
chhavi	छवी	छवी
cheh	छह	चेह
chhah	छह	छाह
chehon	छहों	चेहों
chhahon	छहों	छाहों
chhai	छाई	छाई
chhagla	छागला	छगला
chhajan	छाजन	छान
chhaati	छाती	छाती
chhati	छाती	छती
chhaapemaar	छापेमार	छापममार
chhapemar	छापेमार	छपेमार
chheenk	छींक	छींक
chhink	छींक	छिंक
chink	छींक	चिंक
chenkein	छींके	चेंकें
chhekein	छींके	छेकीन
chhinke	छींके	छिंके
chhinky	छींके	छिंकी
chinke	छींके	चिंके
chhudaane	छुडाने	छुड़ाने
chhudane	छुडाने	छुड़ने
chhupakar	छुपकर	छुपकर
chhupkar	छुपकर	छुपकर
chhupkr	छुपकर	छुप्र
chhupata	छुपता	छुपटा
chhupta	छुपता	छूपता
chhuptaa	छुपता	छूपता
chhura	छुरा	छूरा
chhuraa	छुरा	छुरा
chhuree	छुरी	छूरे
chhuri	छुरी	छूरी
chhure	छुरे	छूरे
chhootane	छूटने	छूटने
chhutane	छूटने	छुटने
chhutne	छूटने	छुटने
chheter	छेत्र	छेतर
chhetr	छेत्र	छेतर
chhetter	छेत्र	छेतर
chhetri	छेत्री	छेत्री
chhetthari	छेत्री	छेतथारी
chhetthri	छेत्री	छेत्री
chai	छै	चाय
chhai	छै	छाई
chhe	छै	छे
jagaega	जगाएगा	जगागगा
jagayega	जगाएगा	जगाएगा
jaghaega	जगाएगा	जगहेगा
jgaayega	जगाएगा	जगाएगा
jgayegaa	जगाएगा	जगाएगा
jajaon	जजों	जजाओं
jajon	जजों	जाजों
jad	जड़	जाद
jadd	जड़	जड्द
jaddit	जड़ित	जद्दित
jadeite	जड़ित	जदीते
jadet	जड़ित	जादेत
jadit	जड़ित	जादित
jadein	जड़ें	जड़ें
jaden	जड़ें	जड़ें
jatara	जतरा	जाता
jatra	जतरा	जात्रा
jataati	जताती	जताती
jatatee	जताती	जटते
jatati	जताती	जातती
janagananaa	जनगणना	जनगगना
janaganna	जनगणना	जनगगनना
jangadnaa	जनगणना	जनगादना
janganana	जनगणना	जनगाना
janganna	जनगणना	जनगाना
janajagran	जनजागरण	जनजाग्रण
janjaagran	जनजागरण	जनजाग्रण
janjagran	जनजागरण	जनजाग्रण
january	जनवरी	जनुर्य
janahaani	जनहानि	जनहानी
janahani	जनहानि	जनहनी
janhaani	जनहानि	जनहानी
janhani	जनहानि	जनहनी
jnhaani	जनहानि	जनहनी
jamaate	जमाती	जमाते
jamaati	जमाती	जमाती
jamati	जमाती	जमाती
jamaaya	जमाया	जमाया
jamaeya	जमाया	जमाएया
jamaya	जमाया	जमाया
jamayaa	जमाया	जमाया
jamuai	जमुई	जमूई
jamuei	जमुई	जमूई
jamui	जमुई	जमूई
jai	जय	जाई
jay	जय	जाय
jaidayal	जयदयाल	जैदयाल
jayadayal	जयदयाल	जयदायल
jaydayal	जयदयाल	जयदयाल
jaibaan	जयबाण	जैबान
jaiban	जयबाण	जैबान
jaybaan	जयबाण	जयबान
jayalalita	जयललिता	जयलाीता
jayalalitaa	जयललिता	जयलाीता
jayalalithaa	जयललिता	जयलालिथा
jaylalita	जयललिता	जयलालता
jarakh	जरख	जारख
zarakh	जरख	जारख
jarda	जर्दा	जर्दा
jardaa	जर्दा	जरदा
zarda	जर्दा	जर्दा
jalagati	जलगति	जलगती
jalgati	जलगति	जलगती
jalgti	जलगति	जलगती
jalte	जलते	जलते
jalbharav	जलभराव	जलभारव
jalbhraav	जलभराव	जलभराव
jalbhrav	जलभराव	जलभ्रव
jalvaayu	जलवायु	जलवायु
jalvayu	जलवायु	जलवायु
jalesar	जलेसर	जलीसर
jasmeet	जसमीत	जस्मीत
jasmit	जसमीत	जसमीत
jassee	जस्सी	जससी
jassi	जस्सी	जससी
jamaanaa	ज़माना	जमाना
jamana	ज़माना	जमाना
zamaanaa	ज़माना	जमाना
zamana	ज़माना	जमाना
jaljale	ज़लज़ले	जलजले
zalzale	ज़लज़ले	जललाले
zee	ज़ी	जी
jubaan	ज़ुबान	जुबान
juban	ज़ुबान	जुबान
zuban	ज़ुबान	जुबान
jaanch	जाँच	जांच
jaaunch	जाँच	जाऊंच
janch	जाँच	जांच
jaunch	जाँच	जौंच
jaagriti	जागृति	जाग्रिति
jagriti	जागृति	जगरीति
jagruti	जागृति	जगरती
jajamau	जाजमऊ	जजमौऊ
jajmau	जाजमऊ	जजमौआ
jajmauu	जाजमऊ	जजमौू
jaat	जात	जात
jat	जात	जाट
jaatak	जातक	जातक
jatak	जातक	जातक
jaatakon	जातकों	जातकों
jaatkon	जातकों	जातकों
jatakon	जातकों	जटकों
jaatiyon	जातियों	जातियों
jatiyon	जातियों	जातियों
jaankaaron	जानकारों	जानकारों
jaankaron	जानकारों	जानकरों
jankaron	जानकारों	जनकरों
jaanam	जानम	जानम
janam	जानम	जन्म
jaayke	जायके	जायके
jayke	जायके	जायके
jaawar	जावर	जावर
zawar	जावर	जवार
jing	जिंग	जिंग
gin	जिन	गीन
jeen	जिन	जीन
jin	जिन	जिन
ginee	जिनी	गिने
jinee	जिनी	जिने
jini	जिनी	जिनी
geneva	जिनीवा	गेनेवा
jeneva	जिनीवा	जेनेवा
jiniva	जिनीवा	जिनिवा
gypsy	जिप्सी	जिप्सी
jimme	जिम्मे	जिममे
jiya	जिया	जिया
gic	जीआईसी	गीसी
gr	जीआर	गीआर
gm	जीएम	जीएम
gsm	जीएसएम	जीएीएम
gtod	जीतोड़	जीप
gtor	जीतोड़	जीपर
jeetod	जीतोड़	जीतोड
jitod	जीतोड़	जितोड़
jean	जीन	जीन
jeen	जीन	जीन
jin	जीन	जिन
jeenon	जीनों	जीनों
jinon	जीनों	जिनों
jeepney	जीपनी	जीपनी
jipani	जीपनी	जिपनी
jeeyo	जीयो	जीयो
jio	जीयो	जियो
jiyo	जीयो	जियो
jeera	जीरा	जीरा
jira	जीरा	जीरा
jeevant	जीवंत	जीवनत
jivant	जीवंत	जीवनत
jeevan	जीवन	जीवन
jeewan	जीवन	जीवन
jivan	जीवन	जीवन
jiwan	जीवन	जीवान
jeevanshaili	जीवनशैली	जीवनशीली
jivanshaili	जीवनशैली	जीवनशीली
jeevniyaan	जीवनियां	जीवनियां
jivaniya	जीवनियां	जिवानिया
jivaniyaan	जीवनियां	जीवनियां
jivaniyan	जीवनियां	जीवनियां
jeevraaj	जीवराज	जीवराज
jivraj	जीवराज	जीवराज
jua	जुए	जुआ
jue	जुए	जू
juye	जुए	जूए
jutee	जुटी	जूटे
juti	जुटी	जूती
judaai	जुड़ाई	जुड़ाई
judae	जुड़ाई	जुड़ाई
judai	जुड़ाई	जुड़ई
judaai	जुदाई	जुड़ाई
judai	जुदाई	जुड़ई
junoon	जुनून	जूनों
junun	जुनून	जुनून
junooni	जुनूनी	जुनूनी
jununi	जुनूनी	जुनुनी
jubair	जुबेर	जुबेर
juber	जुबेर	जुबर
zubair	जुबेर	जुबैर
juraab	जुराब	जुराब
jurab	जुराब	जुराब
julaahon	जुलाहों	जुलाहों
julahon	जुलाहों	जुलाहों
julmon	जुल्मों	जुलमों
zulmon	जुल्मों	जुलमों
jood	जूड	जूड़
jud	जूड	जुड़
junagadh	जूनागढ	जुनगढ़
junagarh	जूनागढ	जुनागढ़
junior	जूनियर	जुनियर
jealous	जूलूस	जीलोस
juloos	जूलूस	जुलूस
julus	जूलूस	जुलूस
jetha	जेठा	जीठा
jenner	जेनर	जेनर
generic	जेनरिक	जेरिक
jenrick	जेनरिक	जेनरिक
generat	जेनरेट	जेरेट
generate	जेनरेट	जेरेट
jenee	जेनी	जेने
jenni	जेनी	जेनी
jenny	जेनी	जेनी
james	जेम्स	जमीस
jeremy	जेरेमी	जरीमी
gerome	जेरोम	गेरोम
jerome	जेरोम	जेरोम
jacks	जैक्स	जैक्स
jain	जैन	जैन
gene	जैने	गेने
jaine	जैने	जैने
jaino	जैनों	जैनो
jainon	जैनों	जैनों
jerry	जैरी	जेरी
jasper	जैस्पर	जसप्र
jogging	जॉगिंग	जोगगंग
johnson	जॉनसन	जोंसों
jobs	जॉब्स	जोब्स
jockey	जोकि	जोके
joki	जोकि	जोकी
jokhim	जोखिम	जोखिम
joddta	जोड़ता	जोड़ता
jodta	जोड़ता	जोड़ता
jorhta	जोड़ता	जोहता
jodiyon	जोड़ियों	जोड़ियों
jodo	जोड़ो	जोड़ो
jaun	जौं	जौन
gyatavya	ज्ञातव्य	ग्यातव्य
gyatvy	ज्ञातव्य	ज्ञातव्य
gyapit	ज्ञापित	ज्ञापित
jyotiba	ज्योतिबा	ज्योतिबा
joint	ज्वाइंट	जॉनट
jvar	ज्वार	ज्वर
jwar	ज्वार	ज्वर
jvaaron	ज्वारों	ज्वारों
jvaron	ज्वारों	ज्वरों
jwaron	ज्वारों	ज्वरों
jewellers	ज्वेलर्स	जीवलर्स
jh	झ	ज
jha	झ	झा
jhalakti	झलकती	झलकती
jhalkati	झलकती	झलकती
jhalla	झल्ला	झल्ला
jhankana	झांकना	झंकना
jhankna	झांकना	झंकना
jheel	झील	झील
jhil	झील	झिल
jheelon	झीलों	झीलों
jhilon	झीलों	झिलों
jhuthala	झुठला	झूठला
jhuthla	झुठला	झूठला
jhuthalane	झुठलाने	झूठलने
jhuthlane	झुठलाने	झूठलने
tankaar	टंकार	तंकार
tankar	टंकार	तंकर
takara	टकरा	तकरा
takra	टकरा	टकरा
takaraon	टकरावों	तकराओं
takravon	टकरावों	तकरावों
tapakti	टपकती	तपकती
tapkati	टपकती	तपकती
time	टाइम	टाइम
timer	टाइमर	टीमर
taoo	टाऊ	तौओ
tau	टाऊ	ताऊ
tapoowo	टापुओं	तपूवो
tapuon	टापुओं	तापून
tapuwo	टापुओं	तापुवो
tied	टायर्ड	टीड
tired	टायर्ड	तीरेद
tyred	टायर्ड	ट्यरड
tarch	टार्च	तार्च
torch	टार्च	टोर्च
tik	टिक	टीक
teap	टिप	टीप
tip	टिप	टीप
tippanikar	टिप्पणीकार	टिप्पनिकर
tippnikar	टिप्पणीकार	टिप्निकर
tivolee	टिवोली	तिवोले
tivoli	टिवोली	तिवोली
teekamgarh	टीकमगढ़	तीकामगढ़
tikamgarh	टीकमगढ़	तिकामगढ़
teekon	टीकों	टीकों
tikon	टीकों	टीकों
two	टु	ट्वो
tension	टेंशन	टेंसियन
tenis	टेनिस	टेनिस
tennis	टेनिस	टेनिस
taste	टेस्ट	तस्ते
test	टेस्ट	टेस्ट
tasting	टेस्टिंग	तस्तिंग
testing	टेस्टिंग	टेस्टिंग
tainin	टैनिन	तैनीन
tenin	टैनिन	तेनीन
tanish	टैनिस	तनिष
tennis	टैनिस	टेनिस
taboo	टैबू	तबू
taiboo	टैबू	तैबू
taobao	टैबू	तौबाऊ
tonic	टॉनिक	टोनिक
tonga	टोंगा	टोंगा
toka	टोका	टोका
tuesday	ट्यूजडे	तुएसड़ी
tuning	ट्यूनिंग	टुनिंग
tuberculosis	ट्यूबरक्यूलोसिस	टुडर्कोल्सिस
tuberkyulosis	ट्यूबरक्यूलोसिस	तुबर््युलिसिस
truck	ट्रक	ट्रिक
trangistor	ट्रांजिस्टर	ट्रांजिस्टर
tranjister	ट्रांजिस्टर	ट्रांजिस्टर
transistor	ट्रांजिस्टर	ट्रांसिस्टर
transfer	ट्रान्सफर	ट्रांसफर
tribunal	ट्रिब्युनल	ट्रिबलन
tribunal	ट्रिब्यूनल	ट्रिबलन
trubyunal	ट्रिब्यूनल	ट्रियूल
truth	ट्रुथ	तृथ
tuth	ट्रुथ	तूठ
traded	ट्रेडेड	ट्रेड
trabal	ट्रेबल	ट्रेबल
trebal	ट्रेबल	ट्रेबल
trouble	ट्रेबल	ट्रूबल
traip	ट्रैप	ट्रेप
trap	ट्रैप	ट्राप
trot	ट्रॉट	ट्रोट
trott	ट्रॉट	ट्रोट
thakkar	ठक्कर	थककर
thakkr	ठक्कर	थककर
thaharne	ठहरने	ठहरने
thahrane	ठहरने	ठहरने
theharne	ठहरने	ठहरने
thikane	ठिकाने	थिकने
thumari	ठुमरी	ठूमारी
thumri	ठुमरी	थूरी
theinga	ठेंगा	थींगा
thenga	ठेंगा	थेंगा
thengaa	ठेंगा	ठेंगा
daglas	डगलस	डगलास
douglas	डगलस	दूगलास
dabhara	डभरा	दभारा
dabhra	डभरा	दभरा
dabhoi	डभोई	दभूई
dam	डम	डाम
dum	डम	डूम
darate	डराते	दराते
daratey	डराते	दराते
daravani	डरावनी	दरवानी
darawani	डरावनी	दरावनी
dravani	डरावनी	द्रवानी
down	डाउन	दोवन
daak	डाक	दाक
dak	डाक	डक
daka	डाका	डकका
dabi	डाबी	दाबी
dabolim	डाबोलिम	दबूलिम
dinosaur	डायनासोर	दिनोसर
diaries	डायरीज	डारिज
dit	डिट	डीट
depthiriya	डिप्थीरिया	देपथिरिया
diphtheria	डिप्थीरिया	दिफ्ठेरिया
de	डीई	डे
dealership	डीलरशिप	दीलेशिप
dvc	डीवीसी	डीडीसी
dubaana	डुबाना	दुबाना
dubana	डुबाना	दुबना
dubona	डुबोना	दूबोना
dulne	डुलने	दूलने
doonarpur	डूंगरपुर	दूनरपुर
doongarpur	डूंगरपुर	दूनगरपुर
dungarpur	डूंगरपुर	दुंगरपुर
dungerpur	डूंगरपुर	दुंगरपुर
dubana	डूबना	दुबना
dubna	डूबना	दूबना
dangerous	डेंजरस	डंगरोस
daisy	डेजी	दैसी
dazy	डेजी	दाज्य
deji	डेजी	देजी
deputy	डेप्युटी	डेपिटी
davidson	डेविडसन	द्विद्सों
devidson	डेविडसन	देविद्सन
davey	डेवी	दववे
devi	डेवी	देवी
dewey	डेवी	देवी
destination	डेस्टिनेशन	डिस्टिनेशन
datson	डैटसन	डेटन
datsun	डैटसन	दत्सन
daddy	डैडी	दद्द्य
dark	डॉर्क	दर्क
dork	डॉर्क	डोर्क
dose	डोज	डोस
domenic	डोमेनिक	डोमेनिक
doranda	डोरंडा	दोरंदा
dolane	डोलने	डोलने
dolne	डोलने	डोलने
dual	ड्युअल	दुआल
duak	ड्यूक	दुआक
duke	ड्यूक	दूके
drame	ड्रामे	ड्रेम
dramen	ड्रामे	ड्रेन
drager	ड्रेजर	ड्रेजर
dredger	ड्रेजर	ड्रीडर
dreijer	ड्रेजर	ड्जीयर
dhakaal	ढकाल	धकाल
dhakal	ढकाल	ढककल
dhakkal	ढकाल	धक्कल
dhkal	ढकाल	धकल
dhale	ढले	ढाले
dhoondh	ढूंढ	धूंध
dhundh	ढूंढ	धूंध
dhoondhata	ढूंढता	धूंधता
dhundhata	ढूंढता	धूंधता
dhundhta	ढूंढता	धूंधता
dhoondhi	ढूंढी	धूंधी
dhundhi	ढूंढी	धूंधी
tanjavur	तंजावुर	तंजावुर
thanjavur	तंजावुर	ठंजावूर
tantr	तंत्र	टैंट्र
tantra	तंत्र	तंत्र
tantrikao	तंत्रिकाओं	तंत्रिकाओ
tantrikaon	तंत्रिकाओं	तंत्रिकाओं
tantro	तंत्रों	तंत्रो
tantron	तंत्रों	तंत्रों
tagade	तगड़े	तगड़े
tagde	तगड़े	टगड़े
tadipaar	तड़ीपार	तदीपार
tadipar	तड़ीपार	तदीपर
tani	तनी	तानी
tapan	तपन	टापन
tarafa	तरफा	तररफा
tarfa	तरफा	तरफा
tarabganj	तरबगंज	तराबगंज
taras	तरस	तरस
taraash	तराश	तराश
tarash	तराश	तराश
tarashay	तराशे	तराशय
tarashe	तराशे	तराशे
tareeko	तरीको	तरीको
tariko	तरीको	तरीको
tark	तर्क	तर्क
tarkvaad	तर्कवाद	तर्कवाद
tarkvad	तर्कवाद	तर्कवाद
tarkwaad	तर्कवाद	तर्कवाद
tarko	तर्कों	तार्को
tarkon	तर्कों	तरकों
talabgaar	तलबगार	तलाबगार
talabgar	तलबगार	तलाबर
talbagaar	तलबगार	तलबगार
talbagar	तलबगार	तलबागार
talawe	तलवे	तलावे
talve	तलवे	तालवे
talawon	तलवों	तलावों
talvon	तलवों	ताल्वों
tahakhana	तहखाना	तहाखना
tahkhaana	तहखाना	तहखाना
tahkhana	तहखाना	तहखाना
taantaa	तांता	तानता
tanta	तांता	तंता
tambe	तांबे	तामबे
tanbe	तांबे	टांबे
taaja	ताजा	ताजा
taajaa	ताजा	ताजा
taaza	ताजा	ताजा
taja	ताजा	ताजा
taza	ताजा	ताजा
tansen	तानसेन	तंसेन
taapmaanon	तापमानों	तापमानों
tapmano	तापमानों	तपमानों
tapmanon	तापमानों	तपमानों
taapti	ताप्ती	तापती
tapti	ताप्ती	तप्ी
tarabai	ताराबाई	तराबाई
taseer	तासीर	तसीर
tasir	तासीर	तसीर
taahi	ताहि	ताही
tahi	ताहि	तही
tikone	तिकोने	टीकोन
tirupati	तिरूपति	तिरुपति
tiwari	तिवारी	तिवारी
ti	ती	ति
teer	तीर	टीर
tir	तीर	तिर
teeron	तीरों	टीरों
tiron	तीरों	टीरों
tirthatan	तीर्थाटन	तीर्थतान
tungnath	तुंगनाथ	तुंगतठ
tughlaq	तुगलक	तुघलाक
tuglak	तुगलक	टुगलाक
tughlakabad	तुगलकाबाद	तुघलााबाड़
tughlaqabad	तुगलकाबाद	तुघलााबाद
tuglakabad	तुगलकाबाद	तुगलकाबाड़
tugalaki	तुगलकी	तुगलाकी
tugalki	तुगलकी	तुगलकी
tuglaki	तुगलकी	तुगलाकी
tufail	तुफैल	टुफाल
tejaji	तेजाजी	तेजजी
teji	तेजी	तेजी
tel	तेल	टेल
telon	तेलों	टेलों
to	तो	टो
toh	तो	तोह
taul	तौल	तौल
tyohaar	त्यौहार	त्योहार
tyohar	त्यौहार	त्योहार
tyoihar	त्यौहार	त्यिहार
tyauharon	त्यौहारों	त्यौहारों
tyoharon	त्यौहारों	त्योहारों
tyoiharon	त्यौहारों	त्यिहारों
trijata	त्रिजटा	त्रिजता
trijta	त्रिजटा	तृजता
triya	त्रिया	त्रिया
tremasik	त्रैमासिक	त्रममसिक
trimasik	त्रैमासिक	त्रिमासिक
tse	त्से	टीए
thaki	थकी	थकी
thki	थकी	थकी
tharti	थर्टी	थरती
thirty	थर्टी	थिर्ती
thane	थाणे	थाने
thaanvi	थानवी	ठानवी
thanvi	थानवी	ठंवी
theateron	थिएटरों	थीतरों
theatron	थिएटरों	थीतरों
theaters	थिएटर्स	थीटर्स
theater	थियेटर	थीटर
theatre	थियेटर	थीतरे
theateron	थियेटरों	थीतरों
theatron	थियेटरों	थीतरों
thitron	थियेटरों	थित्रों
theaters	थियेटर्स	थीटर्स
theatrs	थियेटर्स	थीटर्स
thiyeters	थियेटर्स	थीटर्स
thirake	थिरके	थिराक
thirke	थिरके	थिरके
thief	थीफ	थीफ
then	थेन	थेन
theni	थेनी	थेनी
thailee	थैली	थैले
thaili	थैली	थैली
thaile	थैले	थैले
dang	दंग	डांग
danga	दंगा	डंगा
dangon	दंगों	डांगों
dampati	दंपति	दमपती
danpati	दंपति	दंपटी
dampatiyon	दंपतियों	दमपतियों
dampattiyon	दंपतियों	डमपत्तियों
danptiyon	दंपतियों	डंपटियों
dadreva	ददरेवा	ददरेवा
dadrewa	ददरेवा	ददरेवा
damoh	दमोह	दमोह
dardara	दरदरा	दरदारा
dardraa	दरदरा	दरद्रा
durdhara	दरदरा	दूर्धरा
darmiyaan	दरमियान	दर्मियां
darmiyan	दरमियान	दर्मियां
darjano	दर्जनों	दरजानों
darjanon	दर्जनों	दर्जनों
darp	दर्प	दर्प
darra	दर्रा	दररा
dalbadal	दलबदल	दालबदाल
dalbadl	दलबदल	डालबदल
dali	दली	दाली
dastaanaa	दस्ताना	दस्ताना
dastana	दस्ताना	दस्ताना
dastavej	दस्तावेज	दस्तावेज
dahan	दहन	दहन
dahal	दहल	दहाल
da	दा	दा
daakhil	दाखिल	दाखिल
dakhil	दाखिल	दखखील
daakhile	दाखिले	दाखिले
dakhile	दाखिले	दखखीी
daataa	दाता	दाता
data	दाता	डाता
dadari	दादरी	दादारी
daanshil	दानशील	दांशिल
danshil	दानशील	दंशिल
daabholkar	दाभोलकर	दाभूलकर
dabholkar	दाभोलकर	दभूलकर
damale	दामले	डमाले
damle	दामले	डमले
dayitv	दायित्व	दयित्व
dayitva	दायित्व	दयित्व
dayitwa	दायित्व	दयित्व
dayitvon	दायित्वों	दयित्वों
dayityon	दायित्वों	दयित्यों
darul	दारूल	दर्ल
daav	दाव	दाव
daaw	दाव	दाव
dav	दाव	दव
daw	दाव	दव
daah	दाह	दाह
dah	दाह	दहह
dikhla	दिखला	दिखला
dikhlaa	दिखला	दिखला
dikhaaiye	दिखाइये	दिखाईए
dikhaiye	दिखाइये	दिखाई
dikhaai	दिखाई	दिखाई
dikhai	दिखाई	दिखाई
dikhayi	दिखाई	दिखाई
dikhaaee	दिखाईं	दिखाए
dikhaai	दिखाईं	दिखाई
dikhaain	दिखाईं	दिखाएं
dikhaee	दिखाईं	दिखाई
dikhai	दिखाईं	दिखाई
dikhayin	दिखाईं	दिखायं
dikhai	दिखायी	दिखाई
dikhayi	दिखायी	दिखाई
dikhaai	दिखार्इ	दिखाई
dikhae	दिखार्इ	दिखाए
dikhai	दिखार्इ	दिखाई
dikhayi	दिखार्इ	दिखाई
dita	दिता	दीता
ditaa	दिता	दिता
dinaank	दिनांक	दिनानक
dinank	दिनांक	डिनांक
dirham	दिरहम	दीहम
dilaaye	दिलाये	दिलाए
dilaye	दिलाये	दिलाए
deewani	दिवानी	दीवानी
diwani	दिवानी	दिवानी
divy	दिव्य	दिवी
divya	दिव्य	दिव्य
divyata	दिव्यता	दिव्यता
divya	दिव्या	दिव्य
deepan	दीपन	दीपन
deepn	दीपन	डीपन
dipan	दीपन	डिपन
deepsingh	दीपसिंह	डीपसिंह
dipsingh	दीपसिंह	डिप्सिंह
deepika	दीपिका	दीपिका
dipika	दीपिका	दिपिका
deeya	दीया	दीया
diya	दीया	दिया
dukaanon	दुकानों	दुकानों
dukanon	दुकानों	दुकानों
dukke	दुक्के	दूक
dukhan	दुखन	दूखन
dukhit	दुखित	दूखित
dukhiyon	दुखियों	दूखियों
dukhon	दुखों	दूखों
dubhashiyon	दुभाषियों	दुभाषियों
durgun	दुर्गुण	दूर्गों
durghatna	दुर्घटना	दूर्घटना
durghtna	दुर्घटना	दूर्घतना
duneerti	दुर्नीति	दुनेरती
durniti	दुर्नीति	दूर्णिति
durbhiksh	दुर्भिक्ष	दूरभभिक्ष
duvidhaaen	दुविधाएं	दुविधाएं
duvidhaayein	दुविधाएं	दुविधाएं
duvidhaen	दुविधाएं	दुविधाएं
duwaidhaayein	दुविधाएं	दुवैधाएं
dune	दूने	दूने
doordarshan	दूरदर्शन	दूरदर्शन
durdarshan	दूरदर्शन	दूरदर्शन
dradh	दृढ़	द्रध
dridh	दृढ़	दृद्ध
dekhoge	देखोगे	देखोज
denevaali	देनेवाली	देनेवाली
denevali	देनेवाली	देनेवाली
denewaali	देनेवाली	देनेवाली
denewali	देनेवाली	देनेवाली
deonar	देवनार	देनार
devnaar	देवनार	देवनार
devnar	देवनार	देवनार
devaapur	देवापुर	देवापुर
devapur	देवापुर	देवपुर
devi	देवी	देवी
devisingh	देवीसिंह	डेविसिंह
devisinh	देवीसिंह	देविंह
deshkaal	देशकाल	देशकाल
deshkal	देशकाल	देशकाल
deshke	देशके	देशके
desai	देसाई	देसाई
doge	दोगे	डोगे
dvadash	द्वादश	द्वादश
dwaadas	द्वादश	द्वादस
dvivedi	द्विवेदी	द्वीवेदी
dwivedi	द्विवेदी	द्वीवेदी
dhande	धंधे	धंदे
dhandhe	धंधे	धंधे
dhndhe	धंधे	धंधे
dhandhon	धंधों	धंधों
dhandon	धंधों	धनदोों
dhakelte	धकेलते	धकेलते
dhkelate	धकेलते	धकलाते
dhatana	धटना	धताना
dhatna	धटना	धा्ना
dhankuber	धनकुबेर	धंकुबर
dhanadhany	धनधान्य	धनाधान्य
dhandhaanya	धनधान्य	धनधान्य
dhandhany	धनधान्य	धनधान्य
dhandhanya	धनधान्य	धनधान्य
dhamkaataa	धमकाता	धमकाता
dhamkata	धमकाता	धमकता
dhamm	धम्म	धम्म
dhamma	धम्मा	धम्मा
dhammaa	धम्मा	धम्मा
dharmnath	धर्मनाथ	धर्मनाथ
dharmraj	धर्मराज	धर्मराज
dharmesh	धर्मेश	धर्मेश
dhasmaanaa	धस्माना	धस्माना
dhasmana	धस्माना	धस्मना
dhaak	धाक	धाक
dhak	धाक	ढक
dhaaga	धागा	धागा
dhaagaa	धागा	धागा
dhaga	धागा	ढागा
dhaatuein	धातुएं	धातुईं
dhaatuyein	धातुएं	धातुयूय
dhtuen	धातुएं	ध्ें
dhaarak	धारक	धारक
dharak	धारक	धारक
dhaari	धारी	धारी
dhari	धारी	धारी
dhuan	धुआं	धुन
dhunaai	धुनाई	धूनाई
dhunai	धुनाई	धूनाई
dhuriya	धुरिया	धूरिया
dhuriyaa	धुरिया	धूरिया
dhuni	धूनी	धूणी
dhairyavaan	धैर्यवान	धैर्यवान
dhairyawan	धैर्यवान	धैर्यवान
dhiryavan	धैर्यवान	धीर्यवान
dhiryawaan	धैर्यवान	धीर्यवान
dhokebaaj	धोखेबाज	धोकेबाज
dhokebaaz	धोखेबाज	धोकेबाज
dhokebaj	धोखेबाज	धोकेबाज
dhokebaz	धोखेबाज	धोकेबाज
dhokhebaaj	धोखेबाज	धोखेबाज
dhokhebaj	धोखेबाज	धोखेबाज
dhona	धोना	धोना
dhonaa	धोना	धोना
dhoraaji	धोराजी	भराजी
dhoraji	धोराजी	भराजी
dhoron	धोरों	धोरों
dhyeyavaadi	ध्येयवादी	ध्यावादी
dhyeywadi	ध्येयवादी	ध्यवादी
dyeyvadi	ध्येयवादी	द्येवादी
dhrupad	ध्रुपद	धृपद
drupad	ध्रुपद	दृपद
nandanvan	नंदनवन	नंदनवान
nadsa	नक्सल	नासा
naksal	नक्सल	नक्सल
naxal	नक्सल	नैकल
naksalavaad	नक्सलवाद	नकसलावाद
naksalwaad	नक्सलवाद	नकसलवाद
naksalwad	नक्सलवाद	नकसलवाद
naxalvaaad	नक्सलवाद	नकलासवाद
naxalwaad	नक्सलवाद	नकलासवाद
naksaliyon	नक्सलियों	नकसलियों
naxaliyon	नक्सलियों	नैकलियों
naksali	नक्सली	नकसली
naxali	नक्सली	नैकली
nagaada	नगाड़ा	नगाड़ा
nagaadaa	नगाड़ा	नगाड़ा
nagaaraa	नगाड़ा	नगारा
nageene	नगीने	नगीने
nagine	नगीने	नागिन
najarandaaj	नजरंदाज	नज़रंदाज़
najarandaaz	नजरंदाज	नज़रंदाज़
nazarandaaj	नजरंदाज	नज़रंदाज़
nazarandaaz	नजरंदाज	नज़रंदाज़
nazarandaz	नजरंदाज	नज़रंदाज़
najraane	नजराने	नजराने
nazraane	नजराने	नजराने
najariyon	नजरियों	नजरियों
najriyon	नजरियों	नजरियों
najron	नजरों	नजरों
najeeb	नजीब	नजीब
najib	नजीब	नजीब
najibabaad	नजीबाबाद	नजीबबाद
najibabad	नजीबाबाद	नजीबबाद
najeem	नजीम	नजीम
najim	नजीम	नजीिम
nazeem	नजीम	नजीम
nana	नना	नाना
nanaa	नना	नाना
nna	नना	नाना
nanhe	नन्हें	नानहे
nanhein	नन्हें	नानहीं
nabj	नब्ज़	नब्ज
nabja	नब्ज़	नब्जा
nabz	नब्ज़	नब्ज
namkeen	नमकीन	नमकेन
namkin	नमकीन	नमकीन
narnaari	नरनारी	नर्णारी
narnari	नरनारी	नर्णरी
narbhakshi	नरभक्षी	नारभक्षी
naram	नरम	नरम
narm	नरम	नर्म
narmi	नरमी	नर्मी
narsanhar	नरसंहार	नरसंहार
narsanharon	नरसंहारों	नरसंहारों
november	नवंबर	नॉवमबर
navketan	नवकेतन	नवकेतन
navjaagaran	नवजागरण	नवजागरण
navjagran	नवजागरण	नवजाग्रण
navdha	नवधा	नववाा
navvadhoo	नववधू	नववाधों
navvadhu	नववधू	नववाधु
nava	नवा	नवा
navaa	नवा	नवा
navate	नवाते	नवते
navanagar	नवानगर	नवानगर
nawanagar	नवानगर	नवानगर
navya	नव्या	नव्य
naseem	नसीम	नसीम
nasim	नसीम	नसीिम
nights	नाइट्रस	निइट्स
nitrous	नाइट्रस	नित्रोस
nineteez	नाइनटीज	निनेटेज
nineties	नाइनटीज	निनेटिस
ninties	नाइनटीज	निंटीस
nau	नाऊ	नाऊ
nauu	नाऊ	नौऊ
naakaam	नाकाम	नाकाम
nakam	नाकाम	नकम
naagrik	नागारिक	नाग्रिक
nagarik	नागारिक	नगरिक
nagrik	नागारिक	नगरीक
nagin	नागिन	नगीन
nadep	नाडेप	नादीप
nanak	नानक	नानक
nanavati	नानावती	ननववती
napane	नापने	नापने
napne	नापने	नापन
napa	नापा	नापा
naam	नाम	नाम
naamdhari	नामधारी	नामधारी
namdhari	नामधारी	नमधारी
namankano	नामांकनों	नमानकानों
namankanon	नामांकनों	नमानकानों
namavaliyon	नामावलियों	नमावलियों
naamo	नामो	नामो
namo	नामो	नमो
nayak	नायक	नायक
naraji	नाराजी	नराजी
naraingarh	नारायणगढ़	नरैंगढ़
narayangadh	नारायणगढ़	नारायंगढ़
narayangarh	नारायणगढ़	नरायंगढ़
naasar	नासर	नासर
nahargadh	नाहरगढ	नहारगढ़
nahargarh	नाहरगढ	नहरगगढ़
nikalegi	निकलेगी	निकलेगी
nikalogi	निकलेगी	निकलोगी
nikaalani	निकालनी	निकालनी
nikaalni	निकालनी	निकालनी
nikalani	निकालनी	निकलनी
nikalni	निकालनी	निकलनी
nicki	निकी	निकी
nicky	निकी	निकी
niki	निकी	निकी
niketan	निकेतन	निकेतन
nikhar	निखर	निखर
nikhari	निखरी	निखरी
nigar	निगर	निगर
nigger	निगर	निगगर
nichala	निचला	निचला
nichalaa	निचला	निचला
nichla	निचला	निचला
nitiyon	नितियों	नितियों
nitya	नित्या	नित्य
nityaa	नित्या	नित्या
nidhaan	निधान	निधान
nidhan	निधान	निधान
nipatara	निपटारा	निपटररा
niptaara	निपटारा	निपटारा
niptaaraa	निपटारा	निपटारा
niptara	निपटारा	निपटारा
niyanta	नियंता	नियंता
niyantaa	नियंता	नियंता
niya	निया	निया
niyaa	निया	निया
nirdeshika	निर्देशिका	निर्देशिका
nirdeshikaa	निर्देशिका	निर्देशिका
nirdhaarit	निर्धारित	निर्धारीत
nirdharit	निर्धारित	निर्धारित
nirbaadh	निर्बाध	निर्बाध
nirbadh	निर्बाध	निर्भाध
niveshakartaa	निवेशकर्ता	निवेशकर्ता
niveshkarta	निवेशकर्ता	निवेशकर्ता
niveshkartaa	निवेशकर्ता	निवेशकर्ता
nischal	निश्चल	निस्चल
nishchal	निश्चल	निष्चल
nishnaat	निष्णात	निष्णत
nishpaap	निष्पाप	निष्पाप
nihalaani	निहलानी	निहलानी
nihlaani	निहलानी	निहलानी
nihlani	निहलानी	निहलानी
nihaalchand	निहालचंद	निहालचंद
nihalchand	निहालचंद	निहालचंद
neechaaee	नीचाई	नीचाई
nichaai	नीचाई	निचाई
neat	नीट	नीट
neet	नीट	नीत
neetiyon	नीतियों	नीतियों
nitiyon	नीतियों	नितियों
neelagaay	नीलगाय	नीलगाय
nilgai	नीलगाय	निलगाई
neelaabh	नीलाभ	नीलाभ
nilaabh	नीलाभ	निलाभ
nilabh	नीलाभ	निलाभ
nuskhe	नुस्खे	नुस्खे
noon	नून	नून
nun	नून	नन
noobiyaa	नूबिया	नूबिया
nubiya	नूबिया	नुबिया
nrityashaili	नृत्यशैली	नृत्याशाली
nrutyashaili	नृत्यशैली	नृत्याशाली
nrityon	नृत्यों	नृत्यों
nrutyon	नृत्यों	नृत्यों
neco	नेको	नेको
neko	नेको	नेको
nectar	नेक्टर	नेक्टर
neg	नेग	नेग
nega	नेग	नेगा
networking	नेटवर्किग	नेटवर्किंग
neto	नेटो	नेटो
neta	नेता	नेता
nemo	नेमो	नेमो
nelsan	नेल्सन	नेल्सन
nelson	नेल्सन	नेल्सन
nations	नेशंस	नेटिन्स
nehara	नेहरा	नेहरा
nehra	नेहरा	नेहरा
naino	नैनो	नैनो
nano	नैनो	नानो
naivedh	नैवेद्य	नैवेध
naivegh	नैवेद्य	नैवेग
nevedya	नैवेद्य	नेवेद्य
nominate	नॉमिनेट	नोमिनेट
naukari	नोकरी	नौकरी
naukri	नोकरी	नौकरी
nokari	नोकरी	नोकरी
nokri	नोकरी	नोकरी
notes	नोट्स	नॉट्स
nora	नोरा	नोरा
nori	नोरी	नोरी
nauner	नौनेर	नौनीर
nauvahan	नौवहन	नौवाहन
naushad	नौशाद	नौषद
panchaang	पंचांग	पंचांग
panchang	पंचांग	पंचांग
punchang	पंचांग	पंचंग
punjab	पंजाब	पुंजाब
punjabiyon	पंजाबियों	पुंजीियों
pantar	पंटर	पंतर
panter	पंटर	पैंटर
punter	पंटर	पंटर
pakaayein	पकाएं	पकाएं
pakaayen	पकाएं	पकाएं
pakaen	पकाएं	पकाएं
pakayen	पकाएं	पकाएं
pakaude	पकौड़े	पकौड़े
pakshapat	पक्षपात	पक्षापत
pakshpaat	पक्षपात	पक्षपात
pakshpat	पक्षपात	पक्षपत
pagabadha	पगबाधा	पगबबा
pagbadha	पगबाधा	पगबबा
pagalaa	पगला	पगला
pagla	पगला	पगला
pachaataa	पचाता	पचाता
pachata	पचाता	पचाता
patakkar	पटककर	पताकर
patkathaayein	पटकथाएं	पत्कथाएं
patkathaein	पटकथाएं	पत्कथाएं
patkathayen	पटकथाएं	पत्कथाएं
patki	पटकी	पत्ी
pataraani	पटरानी	पतरानी
patrani	पटरानी	पत्रणी
patavaari	पटवारी	पतवारी
patwari	पटवारी	पतवरी
pataakshep	पटाक्षेप	पताक्षेप
patachep	पटाक्षेप	पतचेप
patakshep	पटाक्षेप	पताक्षेप
patiya	पटिया	पतिया
patiyaa	पटिया	पतिया
padaraunaa	पडरौना	पदरौना
padrauna	पडरौना	पद्रौण
padega	पड़ेगा	पदेगा
padegaa	पड़ेगा	पदेगा
padha	पढ़ा	पढ़ा
padhaa	पढ़ा	पढ़ा
padhaataa	पढ़ाता	पढ़ाता
padhata	पढ़ाता	पढ़ाता
patili	पतीली	पतिली
padamawati	पदमावती	पदमावती
padmavati	पदमावती	पद्मावती
padmawati	पदमावती	पद्मावती
padadhikari	पदाधिकारी	पद्धिकारी
panapnaa	पनपना	पनपना
panpana	पनपना	पंपना
panaamaa	पनामा	पनामा
panama	पनामा	पनमा
paneer	पनीर	पेनर
pammi	पम्मी	पममी
pammu	पम्मी	पम्मू
pummi	पम्मी	पुमि
pummy	पम्मी	पुम््य
pardesiyon	परदेसियों	पर्देसियों
pardesi	परदेसी	पर्देसी
parva	परवा	परवा
parvaa	परवा	परवा
parwa	परवा	परवा
parwaa	परवा	परवा
paraadheen	पराधीन	पराधीन
paraadhin	पराधीन	पराधीन
paradheen	पराधीन	पराधीन
paradhin	पराधीन	पराधीन
parikalpit	परिकल्पित	परिकल्पित
parimal	परिमल	परिमाल
parishad	परिषद	परिषाद
parishadiy	परिषदीय	परिषादिय
parishadiya	परिषदीय	परिशादिया
parishadon	परिषदों	परिशादों
parikhaen	परीक्षाएं	परिखाएं
parikshaayein	परीक्षाएं	परिक्षाएं
parikshaen	परीक्षाएं	परिक्षाएं
parosane	परोसने	परोसने
parosne	परोसने	परोसने
parda	पर्दा	परदा
pardaa	पर्दा	परदा
purple	पर्पल	पुर्पे
palatne	पलटने	पलतने
paltane	पलटने	पलतने
palaari	पलारी	पलारी
palari	पलारी	पलारी
pale	पले	पाले
palmonari	पल्मोनरी	पल्मोनारी
pulmonary	पल्मोनरी	पुलमूनार्य
plus	पल्स	प्लस
pulse	पल्स	पुल्से
pashtun	पश्तून	पश्तुं
pashtuun	पश्तून	पश्तुओं
pahan	पहन	पहन
pehan	पहन	पहन
pahantaa	पहनता	पहनता
pahnata	पहनता	पहनाता
pehnate	पहनता	पहनते
pahanate	पहनते	पहनते
pahante	पहनते	पहनते
pehnate	पहनते	पहनते
pahnaakar	पहनाकर	पहनाकर
pahnakar	पहनाकर	पहनाकार
pehnakar	पहनाकर	पहनकर
pahnaati	पहनाती	पहनाती
pahnati	पहनाती	पहनती
pehnati	पहनाती	पहनती
pahani	पहनी	पहनी
pahni	पहनी	पहनी
pehni	पहनी	पहनी
pahno	पहनो	पहनो
pehno	पहनो	पहनो
pahla	पहला	पहला
pahlaa	पहला	पहला
pehla	पहला	पहला
paheliyaan	पहेलियां	पहेलियां
paheliyan	पहेलियां	पहेलियां
paheliyon	पहेलियों	पहेलियों
pide	पाइड	पिड़े
pied	पाइड	पीढ़
pythagoras	पाइथागोरस	पिथागोरस
pythogaras	पाइथागोरस	पिथोगारस
paakhandi	पाखंडी	पाखंडी
pakhandi	पाखंडी	पखाड़ी
paathshaalaayein	पाठशालाएं	पाठशालयएं
pathshalayein	पाठशालाएं	पथशशालयएं
pathshalayen	पाठशालाएं	पठशशलाएं
paathyakram	पाठ्यक्रम	पाठ्यक्रम
pathyakram	पाठ्यक्रम	पथ्यक्रम
pathykram	पाठ्यक्रम	पथ्यक्रम
paathyakramon	पाठ्यक्रमों	पाठ्यक्रमों
pathyakramon	पाठ्यक्रमों	पथ्यक्रमों
pathykramon	पाठ्यक्रमों	पथ्यक्रमों
population	पापुलेशन	पोपुलेशन
pailot	पायलट	पैलोट
pilot	पायलट	पिलोट
pailoton	पायलटों	पैलोटों
piloton	पायलटों	पिलोटन
paarampariktaa	पारंपरिकता	पारमपरिकता
paramparikata	पारंपरिकता	परमपरिकता
paramparikta	पारंपरिकता	परमपरिकता
parnel	पार्नेल	परणेल
parnell	पार्नेल	परणील
parleron	पार्लरों	परलीरों
parloron	पार्लरों	परलोरों
parlouron	पार्लरों	परलोरों
paarshad	पार्षद	पार्शद
parshad	पार्षद	पर्शद
paarshadon	पार्षदों	पार्शदों
parshadon	पार्षदों	पर्शदों
parshdon	पार्षदों	पर्शदों
policy	पालिसी	पोलिसी
pinta	पिंटा	पिंटा
pintaa	पिंटा	पिंता
piega	पिएगा	पीगा
piyegaa	पिएगा	पियगा
pic	पिक	पी
pick	पिक	पिक
pik	पिक	पीक
piki	पिकी	पिकी
piky	पिकी	पिकी
picture	पिक्चर	पिक्र
pigmentation	पिगमेंटेशन	पिग्मेंटेशन
pigs	पिग्स	पिग्स
pichde	पिछड़े	पिछड़े
pichhade	पिछड़े	पिछड़े
pijja	पिज्जा	पिजजा
pizza	पिज्जा	पिजजा
pitaamaha	पितामह	पिताहा
pitamah	पितामह	पितााह
pipra	पिपरा	पिप्र
pipraa	पिपरा	पिप्रा
pipli	पिपली	पिपली
pearson	पियरसन	पेर्सन
pierson	पियरसन	पीर्सन
peary	पियरी	पीरी
piyari	पियरी	पियारी
pisaai	पिसाई	पिसाई
pisai	पिसाई	पिसाई
pihaani	पिहानी	पिहानी
pihani	पिहानी	पिहनी
pib	पीआईबी	पीब
pr	पीआर	पीआर
pml	पीएमएल	पीएमल
pmo	पीएमओ	प्मो
pmch	पीएमसीएच	पीएी
psv	पीएसवी	पीसी
peaking	पीकिंग	पीकिंग
picking	पीकिंग	पिकिंग
peetne	पीटने	पीतने
pitne	पीटने	पिइन
pedia	पीडिया	पेडिया
pidiya	पीडिया	पिड़िया
pidiyaa	पीडिया	पिड़िया
peelepan	पीलेपन	पीलेन
pilepan	पीलेपन	पिलेपन
pv	पीवी	पीवी
pisa	पीसा	पिसा
putla	पुतला	पुटला
putlaa	पुतला	पुटला
putaliyaan	पुतलियां	पुतलियां
putliyan	पुतलियां	पुटलियां
putaliyon	पुतलियों	पुतलियों
putliyon	पुतलियों	पुटलियों
putali	पुतली	पुतली
putli	पुतली	पुटली
putale	पुतले	पुटले
putle	पुतले	पुटले
putin	पुतिन	पूतिन
putul	पुतुल	पुतुल
punargathan	पुनर्गठन	पुनर्गाथन
puna	पुना	पूना
puraane	पुराने	पुराने
purane	पुराने	पुराने
puru	पुरू	पुरु
purjon	पुर्जों	पूर्जों
purzon	पुर्जों	पूर्जों
pulam	पुलम	पुलाम
pushkin	पुश्किन	पुष्किन
pushkarana	पुष्करणा	पुष्करण
pushkarna	पुष्करणा	पुष्कर्ण
pushkarnaa	पुष्करणा	पुष्कर्ण
pushp	पुष्प	पुष्प
pushpa	पुष्प	पुष्प
pushpa	पुष्पा	पुष्प
pushpaa	पुष्पा	पुष्पा
pushpit	पुष्पित	पुष्पित
pushpon	पुष्पों	पुष्पों
poonjikaran	पूंजीकरण	पूंजीकरण
punjikaran	पूंजीकरण	पुंजीकरण
poojaapaath	पूजापाठ	पूजापथथ
poojapath	पूजापाठ	पूजापथ
pujapath	पूजापाठ	पुजापथ
pooranpur	पूरनपुर	पूरंपुर
puranpur	पूरनपुर	पुरंपुर
purvaabhaas	पूर्वाभास	पूर्वाभास
purvaabhas	पूर्वाभास	पूर्वाभास
purvabhaas	पूर्वाभास	पूर्वभास
purvabhas	पूर्वाभास	पूर्वभास
pendulam	पेंडुलम	पेंदुलम
pendulum	पेंडुलम	पेंडुलम
peg	पेग	पेग
pages	पेजेज	पेज्स
pajej	पेजेज	पजेज
pace	पेस	पेस
pes	पेस	पेस
pastry	पेस्ट्री	पस्त्री
pangolin	पैंगोलिन	पंगोलिन
pengolin	पैंगोलिन	पेंगोलिन
packard	पैकर्ड	पैकर्ड
package	पैकेज	पचकाे
packageon	पैकेजों	पचकाेों
packagon	पैकेजों	पचकागों
packajon	पैकेजों	पच्काजों
paim	पैम	पैम
pam	पैम	पम
paratrooper	पैराट्रूपर	परतरोपोर
peratrupers	पैराट्रूपर	पर्टेप्र
paranormal	पैरानॉर्मल	परणोरमाल
peranormal	पैरानॉर्मल	पर्नोर्मल
paraffin	पैराफिन	पररफफिन
parafin	पैराफिन	परफीन
perafin	पैराफिन	पेरेफीन
parabola	पैराबोला	परबोला
perabola	पैराबोला	पेरबोला
polimer	पॉलिमर	पोलियर
polymer	पॉलिमर	पोलियर
polishing	पॉलिशिंग	पोलिशिंग
pokar	पोकर	पोकर
poker	पोकर	पोकर
polish	पोलिश	पोलिश
poshit	पोषित	पोषित
posta	पोस्ता	पोस्ता
pau	पौ	पाऊ
pyade	प्यादे	प्यादे
prakriya	प्रक्रिया	प्रकृिय
prakshepak	प्रक्षेपक	प्रक्षेपक
pratigya	प्रतिज्ञा	प्रतिग्य
prtigyaa	प्रतिज्ञा	प्रतिग्या
pratibhutiyan	प्रतिभूतियां	प्रतिभूतियां
pratiyon	प्रतियों	प्रतियों
prativaad	प्रतिवाद	प्रतिवाद
prativad	प्रतिवाद	प्रतिवाद
prativadi	प्रतिवादी	प्रतिवादी
pratishat	प्रतिशत	प्रतिष्ट
praneet	प्रनीत	प्रणेत
pranit	प्रनीत	प्राणित
prapaat	प्रपात	प्रपात
prapat	प्रपात	प्रपत
prapaaton	प्रपातों	प्रपातों
prapaton	प्रपातों	प्रपातों
prabodhini	प्रबोधिनी	प्रबोधिनी
prayaasrat	प्रयासरत	प्रयास्रत
prayasarat	प्रयासरत	प्रयासरत
pradarshan	प्रर्दशन	प्रदर्शन
prardashan	प्रर्दशन	प्रार्ाशन
pravati	प्रवत्ति	प्रवती
pravatti	प्रवत्ति	प्रवत्ति
prashaasanik	प्रशासनिक	प्रशासनीक
prashasanik	प्रशासनिक	प्रशासनिक
prashasnik	प्रशासनिक	प्रशासनिक
prashaasanon	प्रशासनों	प्रशासनों
prashansanon	प्रशासनों	प्रशंसनों
prashasanon	प्रशासनों	प्रशासनों
prashikshu	प्रशिक्षु	प्रशिक्षु
prastaavon	प्रस्तावों	प्रस्तावों
prastavon	प्रस्तावों	प्रस्तावों
prahlaad	प्रहलाद	प्रहलाद
prahlad	प्रहलाद	प्रहलाद
prahasan	प्रहसन	प्रहासन
prahsan	प्रहसन	प्रहसन
prahaarak	प्रहारक	प्रहारक
praharak	प्रहारक	प्रहारक
prahad	प्रह्लाद	प्रहद
prahlad	प्रह्लाद	प्रहलाद
privacy	प्राइवेसी	प्रिवाची
praakkathan	प्राक्कथन	प्राककतान
prakkathan	प्राक्कथन	प्रक्कथान
praan	प्राण	प्राण
pran	प्राण	प्राण
pranon	प्राणों	प्रणों
prathamik	प्राथमिक	प्रथामिक
prathmik	प्राथमिक	प्रथमिक
praathmikata	प्राथमिकता	प्रथमिकता
prathmikta	प्राथमिकता	प्रथमिकता
prathmiki	प्राथमिकी	प्रथमिकि
pradhyapakon	प्राध्यापकों	प्राध्यापकों
prapt	प्राप्त	प्राप्त
prapta	प्राप्त	प्रपता
prapti	प्राप्ती	प्रपती
praroop	प्रारूप	प्रारोप
prarup	प्रारूप	प्रारप
priyamani	प्रियामणि	प्रियमानी
proof	प्रूफ	प्रोफ
pruf	प्रूफ	प्रूफ
prekshakon	प्रेक्षकों	प्रेक्षकों
prem	प्रेम	प्रेम
premlata	प्रेमलता	प्रीमलता
prema	प्रेमा	प्रेमा
premi	प्रेमी	प्रेमी
profit	प्रॉफिट	प्रोफित
processing	प्रॉसेसिंग	प्रोसेसिंग
programers	प्रोग्रामर्स	प्रोग्रामर्स
programmers	प्रोग्रामर्स	प्रोग्रामीर्स
programs	प्रोग्रामर्स	प्रोग्राम्स
proto	प्रोटो	प्रोतो
propellant	प्रोपेलेंट	प्रोपेलनंट
propellent	प्रोपेलेंट	प्रोपेलेंट
praudh	प्रौढ	प्रौढ़
proud	प्रौढ	प्रोद
plan	प्लेन	प्लान
plane	प्लेन	प्लेन
fund	फंड	फंड
funda	फंडा	फूंडा
funding	फंडिंग	फंडिंग
fandon	फंदों	फैंडों
fagua	फगुआ	फागुआ
fatane	फटने	फटने
phatane	फटने	फटने
phatne	फटने	फटने
fadfadata	फड़फड़ाता	फड़फ़ात
phadphadata	फड़फड़ाता	फड़पड़ाता
fatehgadh	फतेहगढ़	फटेहगढ़
fatehgarh	फतेहगढ़	फटेगढ़
fabti	फब्ती	फबती
phabti	फब्ती	फबती
farse	फरसे	फर्स
pharase	फरसे	फरसे
pharse	फरसे	फर्से
farheen	फरहीन	फरहीन
farhin	फरहीन	फरहीन
farth	फर्थ	फर्थ
ferth	फर्थ	फर्थ
pharth	फर्थ	फर्थ
farmion	फर्मिऑन	फर्मियों
fermion	फर्मिऑन	फर्मियन
firmian	फर्मिऑन	फर्मियन
farookhabad	फर्रुखाबाद	फरोखाबाद
farrukhabad	फर्रुखाबाद	फररखखाबाद
farukhabad	फर्रुखाबाद	फरुखाबाद
farookhnagar	फर्रूखनगर	फरोखनागर
farrukhnagar	फर्रूखनगर	फररखंागर
farukhnagar	फर्रूखनगर	फरुखनागार
falata	फलता	फलता
falta	फलता	फलता
phalata	फलता	फलता
falne	फलने	फलने
phalne	फलने	फलने
falitarth	फलितार्थ	फलितर्थ
phalitartha	फलितार्थ	फलितर्थ
falibhoot	फलीभूत	फलिभूत
falibhut	फलीभूत	फलिभुत
phalibhoot	फलीभूत	फलिभूत
favvara	फव्वारा	फववारा
fawaara	फव्वारा	फवारा
favvare	फव्वारे	फववरे
fawaare	फव्वारे	फवारे
favvaron	फव्वारों	फववारों
fawaaron	फव्वारों	फवारों
faisala	फ़ैसला	फैसला
faisla	फ़ैसला	फैसला
follow	फ़ॉलो	फोलो
faansi	फांसी	फांसी
fansi	फांसी	फैंसी
fatama	फातमा	फटमा
fatma	फातमा	फटमा
faaf	फाफ	फाफ
phaaph	फाफ	फाफ
farsi	फारसी	फर्सी
forcee	फारसी	फोर्सी
farm	फार्म	फर्म
form	फार्म	फोर्म
farmic	फार्मिक	फर्मिक
formic	फार्मिक	फॉर्मिक
formulae	फार्मूले	फोरमुला
formule	फार्मूले	फोरमुल
formuley	फार्मूले	फर्मुली
pharmacy	फार्मेसी	फरममची
pharma	फार्मों	फरमा
pharmon	फार्मों	फरमों
farms	फार्म्स	फर्म्स
finger	फिंगर	फिंगर
fikra	फिक्र	फिकरा
physician	फिजिशियन	फिसिकियन
firti	फिरती	फिरती
fisla	फिसला	फिसला
fislaa	फिसला	फिसला
feeder	फीडर	फीडर
fulaaye	फुलाए	फुलाए
fulae	फुलाए	फूलाए
fulay	फुलाए	फुलाय
furti	फूर्ति	फर्ती
phurti	फूर्ति	फूर्ति
fus	फूस	फू
phoos	फूस	फूस
phus	फूस	फूस
feka	फेका	फेका
fefada	फेफड़ा	फेफाड़ा
fefda	फेफड़ा	फेफड़ा
facial	फेशियल	फैसियल
fact	फैक्ट	फैक्ट
federal	फैडरल	फेडरल
failkar	फैलकर	फैलकर
failaaiye	फैलाइए	फैलाई
failaea	फैलाइए	फैलाए
failaiya	फैलाइए	फैलाया
failaiye	फैलाइए	फैलाई
failegi	फैलेगी	फैलेगी
font	फॉन्ट	फोंट
fogat	फोगाट	फोगत
phogat	फोगाट	फोगत
fod	फोड़	फोड
phod	फोड़	फोड़
foda	फोड़ा	फोड़ा
fodaa	फोड़ा	फोड़ा
phoda	फोड़ा	फोड़ा
fode	फोड़े	फोड़े
phode	फोड़े	फोड़े
fodo	फोड़ों	फोड़ो
fodon	फोड़ों	फोड़ों
phodo	फोड़ों	फोड़ो
fortis	फोर्टिस	फॉर्टिस
fusion	फ्यूजन	फूसी
fuji	फ्यूजी	फूजी
fyuji	फ्यूजी	फियजी
francisca	फ्रांसिस्का	फ्रांसिस्सा
franciska	फ्रांसिस्का	फ्रांसिस्क
fransiska	फ्रांसिस्का	फ्रांसिस्का
francisco	फ्रांसिस्को	फ्रांसिस्को
francisko	फ्रांसिस्को	फ्रांसिस्क
fransisko	फ्रांसिस्को	फ्रांसिस्को
fringe	फ्रिंज	फ्रिंग
friendship	फ्रेंडशिप	फ्रिंदशिप
frost	फ्रॉस्ट	फ्रोस्ट
flin	फ्लिन	फ्लिन
flynn	फ्लिन	फ्लिन
flesh	फ्लेश	फ्लेश
bang	बंग	बैंग
bung	बंग	बंग
bangbandhu	बंगबंधु	बंगबुंधु
bangbhang	बंगभंग	बंगभांग
bangash	बंगश	बंगाश
bangsh	बंगश	बंगश
bantane	बंटने	बनताने
bantne	बंटने	बंटने
bandhati	बंधती	बंधति
bandhti	बंधती	बंधती
bandhan	बंधान	बंधन
bandhuon	बंधुओं	बंधुओं
bamba	बंबा	बमबा
mumba	बंबा	मुम्बा
bakaayon	बकायों	बकायों
bakayon	बकायों	बकाों
bakaul	बकौल	बकौल
bakoul	बकौल	बकोल
baksa	बक्सा	बक्ा
baksi	बक्सी	बककी
bakse	बक्से	बकके
bakhshane	बख्शने	बख्चाने
bakhshne	बख्शने	बख्चने
bagad	बगड़	बगड़
bagd	बगड़	बगद
bageechi	बगीची	बगेची
bagichi	बगीची	बगीची
bachat	बचत	बचात
bachati	बचती	बचाती
bachti	बचती	बचती
bajana	बजना	बजना
bajrangi	बजरंगी	बारंगी
bajaj	बजाज	बजजज
batalvi	बटालवी	बतलवी
badhachadhakar	बढ़ाचढ़ाकर	बधाधाधकार
badata	बढ़ाता	बद़ता
badhaataa	बढ़ाता	बढ़ाता
badhata	बढ़ाता	बाधता
badhaati	बढ़ाती	बधाती
badhati	बढ़ाती	बढ़ाती
badhayi	बढ़ायी	बाधाई
badhav	बढ़ाव	बाधाव
badhotari	बढ़ोतरी	बाधोतरी
badhotri	बढ़ोतरी	बाधोत्री
batlaae	बतलाए	बतलाए
batlaaye	बतलाए	बतलाए
batlae	बतलाए	बतलाई
batlaye	बतलाए	बतलाए
batlaakar	बतलाकर	बतलाकर
batlakar	बतलाकर	बतलाकार
badlapur	बदलापुर	बदलापुर
badali	बदली	बदली
badli	बदली	बदली
badam	बदाम	बददम
banva	बनवा	बनवा
banvaa	बनवा	बनवा
banaam	बनाम	बनाम
banam	बनाम	बनाम
bnaam	बनाम	बनाम
baniya	बनिया	बनिया
banu	बनू	बानु
barpaayaa	बरपाया	बरपाया
barpaya	बरपाया	बरपाया
barsa	बरसा	बर्सा
barsaata	बरसाता	बरसाता
barsaataa	बरसाता	बरसाता
barsata	बरसाता	बरसता
barhad	बरहद	बरहद
baraat	बरात	बरात
barat	बरात	बारत
braat	बरात	ब्रात
baraamad	बरामद	बरामद
baramad	बरामद	बरामद
bramad	बरामद	ब्रमा
baramade	बरामदे	बरामदे
baramde	बरामदे	बरामदे
bare	बरे	बाे
birth	बर्थ	बिर्थ
baljeet	बलजीत	बललीत
baljit	बलजीत	बालित
ballabh	बल्लभ	बल्लभ
balla	बल्ला	बालला
balli	बल्ली	बाली
basava	बसावा	बसवा
bastiyon	बस्तियों	बस्तियों
bahroopiya	बहरूपिया	बहरूपिया
bahrupiya	बहरूपिया	बहरूपिया
bahamaas	बहामास	बहमास
bahamas	बहामास	बहमास
bahaav	बहाव	बहाव
bahav	बहाव	बहव
bhav	बहाव	भव
bahavalpur	बहावलपुर	बहावलपुर
bahawalpur	बहावलपुर	बहावलपुर
bahuchara	बहुचरा	बहुचारा
banthia	बांठिया	बनठीया
banthiya	बांठिया	बंठिया
bandhate	बांधते	बंधाते
bandhte	बांधते	बंधते
banbi	बांबी	बांबी
bombi	बांबी	बोमबी
bounceron	बाउंसरों	बोंसरों
bowling	बाउलिंग	बोलिंग
baku	बाकू	बाकू
bakuu	बाकू	बाकू
baag	बाग	बाग
bag	बाग	बाग
bagh	बाग	बाघ
bagabani	बागबानी	बगबानी
bagbani	बागबानी	बागबनी
bagali	बागली	बगली
bagli	बागली	बगली
baagiyon	बागियों	बागियों
bagiyon	बागियों	बागियों
baago	बागो	बागो
bago	बागो	बागो
baji	बाज़ी	बाजी
bazi	बाज़ी	बाजी
bajaru	बाजारू	बजारू
bazaru	बाजारू	बजारू
bajuon	बाजुओं	बाजूं
badh	बाध	बाध
badha	बाधा	बाधा
baadhaaon	बाधाओं	बाधाओं
baadhaon	बाधाओं	बाधाओं
badhaaon	बाधाओं	बाधाओं
badhaon	बाधाओं	बाधाओं
baadhit	बाधित	बाधित
badhit	बाधित	बाधित
baani	बानी	बानी
bani	बानी	बानी
baapa	बापा	बापा
baapaa	बापा	बापा
bapa	बापा	बापा
bapaa	बापा	बपा
baabat	बाबत	बाबत
babat	बाबत	बबात
babt	बाबत	बब्त
bayern	बायर्न	बायरन
byrun	बायर्न	ब्युन
barah	बारह	बारह
baarahamaasee	बारहमासी	बारहमासी
barahamasi	बारहमासी	बराहमासी
barahmasi	बारहमासी	बराहमासी
barahsinga	बारहसिंगा	बारहसिंगा
barasingha	बारहसिंगा	बरसिंहा
bala	बाला	बाला
baalti	बाल्टी	बालती
balti	बाल्टी	बालती
balty	बाल्टी	बाल्
baldvin	बाल्डविन	बलल्वीन
baldwin	बाल्डविन	बालदवीन
bavaji	बावजी	बवाजी
bavji	बावजी	बावजी
baawaraa	बावरा	बावरा
bavra	बावरा	बावरा
bawara	बावरा	बवारा
baahulya	बाहुल्य	बाहुल्य
bahuly	बाहुल्य	बहुल्य
bahulya	बाहुल्य	बहुल्य
box	बाॅक्स	बॉक्स
bikherati	बिखेरती	बिखेरती
bikherti	बिखेरती	बिखेती
biggest	बिगेस्ट	बिगगस्ट
bichhua	बिछुआ	बिछुआ
bichhuaa	बिछुआ	बिछुआ
biji	बिजी	बिजी
busy	बिजी	बुसी
buzy	बिजी	बुजी
bipin	बिपिन	बिपीन
bilae	बिलाई	बिलाए
bilai	बिलाई	बिलाई
billa	बिल्ला	बिल्ला
billaa	बिल्ला	बिल्ला
bilhaur	बिल्हौर	बिलहहार
bisva	बिस्वा	बिसवा
biswa	बिस्वा	बिसवा
bag	बीएजी	बाग
bikaner	बीकानेर	बिकानेर
bikaneri	बीकानेरी	बिकानेरी
bk	बीके	बीएी
beejak	बीजक	बीजक
bijak	बीजक	बिजक
beef	बीफ	बीफ
beem	बीम	बीम
bim	बीम	बीम
beemon	बीमों	बीमों
bimon	बीमों	बियों
beerganj	बीरगंज	बीरगंज
birganj	बीरगंज	बिरगंज
beesavaan	बीसवां	बीसवान
bisavan	बीसवां	बिसवान
bisawan	बीसवां	बिसवान
beast	बीस्ट	बेस्ट
budvig	बुडविग	बुद्विग
budwig	बुडविग	बुद्विग
bull	बुल	बुल
bulaao	बुलाओ	बुलाओ
bulao	बुलाओ	बुलाओ
bule	बुले	बुले
bulletin	बुलेटिन	बुलेटन
brijesh	बृजेश	बृजेश
benvar	बेंवर	बेंवर
benwar	बेंवर	बेनवर
beaulad	बेऔलाद	बीयूल्ड
bekaaboo	बेकाबू	बेकाबो
bekabu	बेकाबू	बेकाबू
bechakar	बेचकर	बेचकर
bechkar	बेचकर	बेचकर
bechate	बेचते	बेचते
bechte	बेचते	बेचते
bediyan	बेड़ियां	बेदियां
bethanal	बेथनल	बेथनाल
bethnal	बेथनल	बेथनाल
benis	बेनिस	बेनिस
belacha	बेलचा	बेलचचा
belcha	बेलचा	बेलचचा
belinda	बेलिंडा	बेलिंदा
bevkufana	बेवकूफाना	बेवकफफना
bewakoofaanaa	बेवकूफाना	बेवाकूफाना
bewkufana	बेवकूफाना	बेवूफना
besahaaraa	बेसहारा	बेहारा
besahara	बेसहारा	बेहारा
basin	बेसिन	बसीन
besin	बेसिन	बेसीन
basil	बेसिल	बसील
besil	बेसिल	बेसिल
bandage	बैंडेज	बंदगे
bandej	बैंडेज	बंदेज
baithantey	बैठते	बैठांते
baithate	बैठते	बैठते
baitool	बैतूल	बैतोल
baitul	बैतूल	बैतुल
betul	बैतूल	बेतल
baini	बैनी	बैनी
beni	बैनी	बेनी
bairakpur	बैरकपुर	बैरकपुर
barrackpore	बैरकपुर	बरराककोर
baila	बैला	बैला
bella	बैला	बेल्ला
ballistic	बैलिस्टिक	बैलिस्टिक
bells	बैल्स	बेल्स
bostan	बॉस्टन	बोस्तान
bosten	बॉस्टन	बोस्टन
boston	बॉस्टन	बोस्टन
bokaro	बोकारो	बोकरो
bodara	बोदरा	बोदरा
bodra	बोदरा	बोदरा
bodraa	बोदरा	बोदरा
bona	बोना	बोना
borkar	बोरकर	बोरकर
borivali	बोरीवली	बोरिवाली
boriwali	बोरीवली	बोरिवाली
born	बोर्न	बोर्न
bolane	बोलने	बोलने
boliae	बोलिए	बोलियाई
boliy	बोलिए	बोली
boliye	बोलिए	बोलिय
bosaan	बोसान	बोसान
bosan	बोसान	बोसन
bauni	बौनी	बौनी
bouni	बौनी	बूनी
byaawa	ब्यावर	ब्यावा
byavar	ब्यावर	ब्यावर
brajesh	ब्रजेश	ब्रेजेश
brijesh	ब्रजेश	बृजेश
brahmalin	ब्रह्मलीन	ब्रह्मिन
brahmleen	ब्रह्मलीन	ब्रह्मीन
brahmlin	ब्रह्मलीन	ब्रह्मिन
bravo	ब्रावो	ब्रेवो
brigatn	ब्रिगटन	बृगतन
brighton	ब्रिगटन	बृगतों
brigton	ब्रिगटन	ब्रिगटन
brigadier	ब्रिगेडियर	ब्रिजाड़ियर
britain	ब्रिटेन	बृताएं
breed	ब्रीद	ब्रीड
brock	ब्रोक	ब्रोक
brok	ब्रोक	ब्रोक
broke	ब्रोक	ब्रोक
brocken	ब्रोकन	ब्रोकन
broken	ब्रोकन	ब्रोकन
blosam	ब्लॉसम	ब्लोसम
blossom	ब्लॉसम	ब्लोसम
bhagaane	भगाने	भगाने
bhagane	भगाने	भगनने
bhadakaaya	भड़काया	भड़काया
bhadakaya	भड़काया	भड़काया
bhadkaayaa	भड़काया	भड़काया
bhadkaya	भड़काया	भड़काया
bharakaaya	भड़काया	भारकाया
bharakaya	भड़काया	भरकाया
bhabhoot	भभूत	भभूत
bhabhut	भभूत	भभूत
bhay	भय	भाय
bhaya	भय	भाया
bhayo	भयो	भाो
bharatanatyam	भरतनाट्यम्	भारतनात्यमम
bharatnatyam	भरतनाट्यम्	भारतनात्यमम
bhartnatyam	भरतनाट्यम्	भर्तनात्यम
bharate	भरते	भराते
bharte	भरते	भारते
bharani	भरनी	भरनी
bharni	भरनी	भरनी
bharane	भरने	भरने
bharne	भरने	भरने
bhara	भरा	भाा
bhavishya	भविष्य	भविष्य
bhaate	भाते	भाते
bhate	भाते	भाते
bhanu	भानू	भानु
bhabar	भाबर	भाबर
bhareeye	भारीय	भरेय
bhariy	भारीय	भरीय
bhavanaon	भावनाओं	भवनाओं
bhavnaon	भावनाओं	भवनाओं
bhaskar	भास्कर	भस्कर
bheed	भीड़	भीद
bheera	भीरा	भीरा
bhira	भीरा	भीरा
bheesham	भीष्म	भीषम
bhisham	भीष्म	भिषम
bhishm	भीष्म	भिष्म
bhugat	भुगत	भूगत
bhugata	भुगता	भूगता
bhugta	भुगता	भूगता
bhutto	भुट्टो	भूततो
bhumi	भुमि	भूमी
bhurbhura	भुरभुरा	भूरभूरा
bhookh	भूख	भूख
bhukh	भूख	भूख
bhookhi	भूखी	भूखी
bhukhi	भूखी	भूखी
bhoogol	भूगोल	भूगोल
bhugol	भूगोल	भूगल
bhootal	भूतल	भूतल
bhutal	भूतल	भूतल
bhoopsingh	भूपसिंह	भूपसिंह
bhupsingh	भूपसिंह	भूपसिंह
bhumi	भूमी	भूमी
bhumika	भूमी	भूमिका
bhulata	भूलता	भूलता
bhulataa	भूलता	भूलता
bhulta	भूलता	भूलता
bhula	भूला	भूला
bhulaa	भूला	भूला
bhooli	भूली	भूली
bhuli	भूली	भूली
bhulo	भूलो	भूलो
bhulon	भूलों	भूलों
bhusi	भूसी	भूसी
bhooswaami	भूस्वामी	भूसवामी
bhusvami	भूस्वामी	भूस्वामी
bhuswami	भूस्वामी	भूसवामी
bhengapan	भेंगापन	भेंगपन
bhairavnath	भैरवनाथ	भैरावनाथ
bhairo	भैरो	भैरो
bhogatey	भोगते	भोगते
bhogte	भोगते	भोगते
bhola	भोला	भोला
bholi	भोली	भोली
bholu	भोलू	भोलू
bhaunho	भौंहों	भौन्हों
bhaunhon	भौंहों	भौन्हों
bhoonhon	भौंहों	भूनहों
bhraant	भ्रांत	भ्रांत
bhrant	भ्रांत	भ्रात
brant	भ्रांत	ब्रांट
bhraanti	भ्रांति	भ्रांति
bhranti	भ्रांति	भ्राती
branti	भ्रांति	ब्रांटी
bhraantiyan	भ्रांतियां	भ्रांतियां
bhrantiyan	भ्रांतियां	भ्रतियां
bhraantiyon	भ्रांतियों	भ्रांतियों
bhrantiyon	भ्रांतियों	भ्रातियों
mangesh	मंगेश	मंगीश
manch	मंच	मंच
manchit	मंचित	मंचित
mancheeye	मंचीय	मंचीय
manchiy	मंचीय	मंचिय
manchiya	मंचीय	मंचिया
manchon	मंचों	मंचों
manjil	मंजिल	मंजील
manzil	मंजिल	मनजील
manjila	मंजिला	मंजीला
manzila	मंजिला	मंजीला
manjilein	मंजिलें	मंजीलें
manjilen	मंजिलें	मंजीलें
manzilein	मंजिलें	मनजीलें
manto	मंटो	मंतो
mantriyon	मंत्रियों	मंत्रियों
makrani	मकरानी	मकरणी
maksad	मक्सद	मक्सद
makhdumpur	मखदुमपुर	मखदुमपुर
machaaye	मचाए	मचाये
machae	मचाए	मचाई
machaye	मचाए	मचाए
machaanon	मचानों	मचानों
machanno	मचानों	मचानों
machano	मचानों	मचानो
machanon	मचानों	मचनों
madaura	मढ़ौरा	मदौरा
madhuara	मढ़ौरा	मधुरा
madhura	मढ़ौरा	मधुरा
manipal	मणिपाल	मनिपाल
matpatron	मतपत्रों	मत्पत्रों
matthe	मत्थे	मतथे
matsyavatar	मत्स्यावतार	मत्त्ववरर
matsyavtar	मत्स्यावतार	मत्त्ववृर
masyendranath	मत्स्येंद्रनाथ	मश्ंदृर्थ
matsyendranath	मत्स्येंद्रनाथ	मत्सिंद्रणाथ
madhupur	मधुपुर	मधुपुर
manmarji	मनमर्जी	मंमर्जी
manae	मनाए	माने
manaye	मनाए	मनने
mnaey	मनाए	मनाई
mam	मम	मम
mum	मम	मूम
maryokar	मयोर्का	मार्योकार
mayorka	मयोर्का	मायोर्का
mayorkaa	मयोर्का	मायोरका
mardaani	मरदानी	मरदानी
mardani	मरदानी	मर्दनी
marmar	मरमर	मरमार
murmur	मरमर	मुर्मुर
maratha	मराठा	मार्था
marathi	मराठी	मार्थी
marji	मर्जी	मर्जी
mardanagi	मर्दानगी	मर्दनगी
mardangi	मर्दानगी	मर्दंगी
mardo	मर्दों	मार्डो
mardon	मर्दों	मार्दों
maryaadaa	मर्यादा	मर्यादा
maryada	मर्यादा	मार्यदा
maryaadaaon	मर्यादाओं	मर्यादाओं
maryadaon	मर्यादाओं	मार्यदाओं
malaga	मलागा	मलगा
malaar	मलार	मलार
malar	मलार	मलार
mashrak	मशरक	मश्रक
masaaledaar	मसालेदार	मसाीदार
masaledaar	मसालेदार	मसलीदार
masaledar	मसालेदार	मसलीदार
masoor	मसूर	मसूर
masur	मसूर	मसुर
masse	मस्से	मससे
mahakane	महकने	महाकने
mahakne	महकने	महाकने
mahkane	महकने	महकाने
mehkane	महकने	महकाने
mahalon	महलों	महालों
mahlon	महलों	महलों
mahagranth	महाग्रंथ	महागृर्थ
mhagranth	महाग्रंथ	महाग्रांथ
mahajan	महाजन	महाजन
mhajan	महाजन	महाजन
mahathir	महाथिर	महातथिर
mhathir	महाथिर	महतिर
mahanatam	महानतम	महानतम
mahantam	महानतम	महंतम
mhantam	महानतम	महनतम
mahanideshak	महानिदेशक	महनिदेशक
mahanirdeshak	महानिदेशक	महनिर्देशक
mhanideshak	महानिदेशक	महनिदेशक
mahapauron	महापौरों	महापुरों
mhapauron	महापौरों	महापुरों
mahapran	महाप्राण	महाप्रण
mhapran	महाप्राण	महाप्रण
mahamantr	महामंत्र	महामंत्र
mahamantra	महामंत्र	महामंत्र
mhamantra	महामंत्र	महामंत्र
maharaja	महाराजा	महराजा
mahavigyan	महाविज्ञान	महाविग्ञान
mhavidyan	महाविज्ञान	महाविद्यान
mahavidya	महाविद्या	महाविद्य
mhavidya	महाविद्या	महाविद्य
mahavishnu	महाविष्णु	महाविशनु
mahasingh	महासिंह	महासिंह
mahasinh	महासिंह	महासिंह
mahipal	महिपाल	महिपाल
mahin	महीन	महिन
mahinon	महीनों	महिनों
maang	मांग	मांग
mang	मांग	मंग
mangani	मांगनी	मंगनी
mangni	मांगनी	मंगनी
maanga	मांगा	मांगा
manga	मांगा	मंगा
maangi	मांगी	मांगी
mangi	मांगी	मंगी
maange	मांगे	मांगे
mange	मांगे	मंगे
mango	मांगो	मंगो
maori	माओरी	मारी
maajin	माजिन	माजीन
majin	माजिन	मजीन
mathe	माथे	मठे
mathey	माथे	मठे
maap	माप	माप
map	माप	मैप
mop	माप	मोप
mamooli	मामूली	ममूली
mamuli	मामूली	मामुली
mame	मामे	ममे
maarvaad	मारवाड़	मारवाद
marvad	मारवाड़	मारवाद
marwar	मारवाड़	मरवर
maariya	मारिया	मारिया
mariya	मारिया	मरिया
maariyo	मारियो	मारियो
mario	मारियो	मारियो
mariyo	मारियो	मारियो
martha	मार्था	मार्था
maalish	मालिश	मालिश
malish	मालिश	मालिश
mave	मावे	मवे
mavey	मावे	मवे
maas	मास	मास
mas	मास	मस
mass	मास	मस्स
maason	मासों	मासों
mason	मासों	मसों
mitaao	मिटाओ	मिटाओ
mitao	मिटाओ	मिटाओ
mithaai	मिठाई	मिथाई
mithai	मिठाई	मिथाई
media	मिडिया	मेडिया
mithila	मिथिला	मिथिला
mithilanchal	मिथिलांचल	मिथिलंचल
mithya	मिथ्या	मिथ्य
mimicry	मिमिक्री	मिमिक्री
milkiyat	मिल्कियत	मिल्कियत
misha	मिशा	मिशा
mungeri	मुंगेरी	मुंगरी
mundva	मुंडवा	मुंदवा
mundwa	मुंडवा	मुंदवा
munshiganj	मुंशीगंज	मुंशिगंज
mukarte	मुकरते	मुकर्ते
mukartey	मुकरते	मुकर्ते
mukhopadhyaya	मुखोपाध्याय	मुखोपध्यय
mukhyopadhyaay	मुखोपाध्याय	मुख्योपाध्यय
mukhyamantri	मुख्यमंत्री	मुख्यमंत्री
munaf	मुनाफ	मुनाफ
munafa	मुनाफा	मुनाफा
munnu	मुन्नू	मुननु
mufalisi	मुफलिसी	मूफलीसी
muflisi	मुफलिसी	मूफलीसी
mubarakpur	मुबारकपुर	मुबराकपुर
mubarkpur	मुबारकपुर	मुबरर्पुर
murjha	मुर्झा	मुरझा
multae	मुल्ताई	मुलताए
multai	मुल्ताई	मुलताई
mushahid	मुशाहिद	मुशहिद
muhavare	मुहावरे	मुहावरे
muhavre	मुहावरे	मुहावरे
mooth	मूठ	मूट
muth	मूठ	मूठ
mood	मूड	मूड़
mud	मूड	मुद
moodi	मूडी	मूड़ी
moody	मूडी	मूद्य
mool	मूल	मूल
mul	मूल	मूल
moolchand	मूलचंद	मूलचंद
mulchand	मूलचंद	मुलचंद
moolar	मूलर	मूलर
mular	मूलर	मुलर
muller	मूलर	मूलर
moolon	मूलों	मूलों
mulon	मूलों	मूलों
maxico	मेक्सिको	मैक्सिको
mexico	मेक्सिको	मैक्सिको
mega	मेगा	मेगा
megapixal	मेगापिक्सल	मैगेपिसल
megapixel	मेगापिक्सल	मैगेपिस्ल
mejbaan	मेजबान	मेबबान
mejban	मेजबान	मेबबन
mezbaan	मेजबान	मेबबान
mejabani	मेजबानी	मेबाबनी
mejbaani	मेजबानी	मेबबानी
mejbani	मेजबानी	मेबबनी
mezabani	मेजबानी	मेजबनी
mejbaan	मेज़बान	मेबबान
mejban	मेज़बान	मेबबन
mezbaan	मेज़बान	मेबबान
mejbaani	मेज़बानी	मेबबानी
mejbani	मेज़बानी	मेबबनी
mezbaani	मेज़बानी	मेबबानी
mate	मेट	मेट
met	मेट	मेट
mates	मेट्स	मैट्स
medical	मेडीकल	मेडिकल
methanol	मेथेनॉल	मेथनोल
menu	मेनू	मेनु
mem	मेम	मेम
melaghaat	मेलघाट	मेलाघाट
melghat	मेलघाट	मेलघट
melaanin	मेलानिन	मेलानिन
melanin	मेलानिन	मेलनीन
melaani	मेलानी	मेलानी
melani	मेलानी	मेलनी
maheman	मेहमान	महेमान
mehamaan	मेहमान	मेहमान
mehaman	मेहमान	महामन
mehmaan	मेहमान	महमान
mehman	मेहमान	मेहमन
meharaam	मेहराम	मेहराम
mehram	मेहराम	मेहरम
macbook	मैकबुक	मैबोक
matix	मैट्रिक्स	मैटिक्स
matrix	मैट्रिक्स	मैट्रिक्स
mad	मैड	मद
made	मैड	मेड
maid	मैड	मैद
maddy	मैडी	मद्द्य
maidi	मैडी	मैदी
main	मैन	मैन
man	मैन	मान
men	मैन	मेन
mainan	मैनन	मैनन
menon	मैनन	मेनों
manner	मैनर	मन्नर
maina	मैना	मैना
maine	मैने	मैने
marrej	मैरेज	मररेज
marriage	मैरेज	मररिजे
merraige	मैरेज	मेरैगे
maisachusets	मैसाचुसेट्स	मैसाचुसेट्स
massachusetts	मैसाचुसेट्स	मस्सुसेट्ट
maisor	मैसोर	मैसर
maisore	मैसोर	मैसोर
mysore	मैसोर	माइसर
mod	मॉड	मोड़
mode	मॉड	मोड़े
modern	मॉडर्न	मोडरन
module	मॉड्यूल	मोडूले
modules	मॉड्यूल्स	माउलीस
modyuls	मॉड्यूल्स	मॉडियु्स
mauritious	मॉरिशस	मौरितियूस
mauritius	मॉरिशस	मौरितियस
mogali	मोगली	मोगली
mowgli	मोगली	मोवगली
motive	मोटिव	मोटिव
mol	मोल	मोल
mold	मोल्ड	मोल्ड
moshe	मोशे	मोशे
mosad	मोसाद	मोसद
mohana	मोहाना	मोहना
mohani	मोहानी	मोहनी
mohini	मोहिनी	मोहीनी
mohim	मोहिम	मोहिम
maukon	मौकों	मौकों
mauma	मौमा	मौमा
maurya	मौर्या	मौर्य
morya	मौर्या	मोर्य
maurya	मौर्यों	मौर्य
mauryon	मौर्यों	मौर्यों
moryon	मौर्यों	मोर्यों
maulaviyon	मौलवियों	मौलवियों
maulvidon	मौलवियों	मौलविदों
maulviyon	मौलवियों	मौलवियों
maule	मौले	मौले
mauley	मौले	मौले
mausa	मौसा	मौसा
yatn	यत्न	याटन
yatna	यत्न	याटना
yada	यदा	यादा
yda	यदा	याडा
yaduvansh	यदुवंश	यदुवंश
yaduwansh	यदुवंश	यदुवंश
jerusalem	यरूशलेम	जेरूसलम
yarooshaleim	यरूशलेम	यरूशलीम
yarushalem	यरूशलेम	यरुशालेम
yashpaal	यशपाल	यश्पाल
yashpal	यशपाल	यश्पाल
yaatna	यातना	यातना
yatna	यातना	याटना
yaatanaon	यातनाओं	यातनाओं
yatnaon	यातनाओं	यतनाओं
yarayan	यात्राएं	यरायन
yatraein	यात्राएं	यात्रीन
yatraen	यात्राएं	यात्राएं
yaariyan	यारियां	यारियां
yariyan	यारियां	यरियां
yaari	यारी	यारी
yari	यारी	यारी
yugam	युग्म	युगाम
yugm	युग्म	युग्म
yuddhrat	युद्धरत	युद्धृत
yudhrat	युद्धरत	युद्धात
ukrainian	यूक्रेनियन	उक्रिनियन
ukranian	यूक्रेनियन	उक्रानियन
jerusalem	येरुशलम	जेरूसलम
yorker	यॉर्कर	योर्कर
yojanaein	योजनाएं	योजनाएं
yojanaen	योजनाएं	योजनाएं
yojanaye	योजनाएं	योजनाए
rangate	रंगते	रंगते
rangte	रंगते	रंगते
rangkata	रंजकता	रंगकता
ranjkatha	रंजकता	राजनकथा
ranjkta	रंजकता	रणजकता
raees	रईस	रीज
rais	रईस	रेस
raktaabh	रक्ताभ	रक्ताभ
raktabh	रक्ताभ	रक्तभ
rakhna	रखना	रखना
raghupati	रघुपति	रघुपति
raghuram	रघुराम	रघुरम
registerd	रजिस्टर्ड	रिजिस्ट्र्ड
registered	रजिस्टर्ड	रिजिस्ट्रेड
ratanpur	रतनपुर	रतनपुर
runners	रनर्स	रंनर्स
rayan	रयान	रायन
ryan	रयान	र्यान
ralhan	रल्हन	राहन
ravish	रविश	रविष
ravael	रवैल	रवाल
ravel	रवैल	रवेल
rawail	रवैल	रवाइल
rasad	रसद	रसड़
rasaayanik	रसायनिक	रसायनिक
rasaayanika	रसायनिक	रसायनिका
rasayanika	रसायनिक	रसायनिका
rasyanik	रसायनिक	रास्यनिक
rasaayanon	रसायनों	रसायनों
rasayanon	रसायनों	रसायनों
rahamat	रहमत	रहमत
rahmat	रहमत	रहमत
rhamat	रहमत	रहमत
rahenge	रहेंगे	रहंगे
rahegi	रहेगी	रहेगी
rounder	राउंडर	रंडर
raak	राक	राक
rak	राक	रक
raakhe	राखे	राखे
rakhe	राखे	रखे
raagon	रागों	रागों
ragon	रागों	रगों
raghavan	राघवन	रघघवन
raaj	राज	राज
raj	राज	राज
rajkot	राजकोट	राजकोट
rajtantra	राजतंत्र	राजतंत्र
raajneetikaran	राजनीतीकरण	राजनीतिकरण
rajneetikaran	राजनीतीकरण	रानीतिकरण
rajnitikaran	राजनीतीकरण	रानीतिकरण
rajma	राजमां	राजमा
rajman	राजमां	राजमान
raajasva	राजस्व	राजस्वा
rajasva	राजस्व	राजस्व
raaji	राजी	राजी
raji	राजी	राजी
rajinaama	राजीनामा	राजनामा
rajinama	राजीनामा	राजनिमा
raajon	राजों	राजों
rajon	राजों	राजों
rana	राणा	राना
raatrichar	रात्रिचर	रात्रिचार
ratrichar	रात्रिचर	रतरिचार
raadhe	राधे	राढ़े
radhe	राधे	राधे
ranapur	रानापुर	रणापुर
rabin	राबिन	रबीन
robin	राबिन	रोबीन
rabha	राभा	रभा
ramkot	रामकोट	रामकोत
ramkote	रामकोट	रामकोत
ramtek	रामटेक	रामतक
rampur	रामपुर	रामपुर
rambharose	रामभरोसे	राभरोसे
rambharosey	रामभरोसे	रामभरोसीय
ramraj	रामराज	रामराज
raalod	रालोद	रालोद
ralaud	रालोद	राौड़
ralod	रालोद	राोड
ravaley	रावले	रवाले
ravle	रावले	रवले
rasayanik	रासायनिक	रसायनिक
racreation	रिक्रिएशन	रक्रेशन
recreation	रिक्रिएशन	रिक्रेशन
rig	रिग	रिग
riggs	रिग्स	राइग्स
rigs	रिग्स	रिग्स
richual	रिचुअल	रिचुल
ritual	रिचुअल	रितुआल
reduction	रिडक्शन	रेडिक्शन
ripan	रिपन	रिपन
ripon	रिपन	रिपों
ria	रिया	रिया
riya	रिया	रिया
rishte	रिश्ते	रिश्ते
rishtey	रिश्ते	रिश्ते
risane	रिसने	रिसने
risaney	रिसने	रिसने
risne	रिसने	रिसने
rihana	रिहाना	रहहाना
rihanna	रिहाना	रिहनना
regal	रीगल	रेगल
rigal	रीगल	रिगल
reasonal	रीजनल	रिजरनल
regional	रीजनल	रिजिनल
retreate	रीट्वीट	रिटरेेट
retweet	रीट्वीट	रेटवेट
reeta	रीता	रीता
rita	रीता	रिता
rukate	रुकते	रुकते
rukte	रुकते	रूकते
ruktey	रुकते	रूकते
rugan	रुग्ण	रूगन
rugna	रुग्ण	रूग्ण
ruganta	रुग्णता	रूगांता
rugnata	रुग्णता	रूग्नता
rojvelt	रुजवेल्ट	रोजवेल्ट
roojwelt	रुजवेल्ट	रूज़वेल्ट
roosevelt	रुजवेल्ट	रूसववेल्ट
rodolph	रुडोल्फ	रोडोल्फ
rudolf	रुडोल्फ	रूडूल
rudolph	रुडोल्फ	रुदूल्फ
roopesh	रुपेश	रूपेश
rupesh	रुपेश	रुपेश
ruby	रुबी	रूबी
roomani	रुमानी	रूमानी
rumani	रुमानी	रुमानी
rukavaton	रूकावटों	रुकावतों
root	रूट	रूत
route	रूट	रूते
rooting	रूटिंग	रूटिंग
routine	रूटिंग	रूटिन
routing	रूटिंग	रूटिंग
roots	रूट्स	रूट्स
routes	रूट्स	रूट्स
roopak	रूपक	रूपक
rupak	रूपक	रूपक
roopi	रूपी	रूपी
rupi	रूपी	रूपी
rantle	रेंटल	रंतले
rental	रेंटल	रेंटल
registan	रेगिस्तान	रेजिस्टान
registani	रेगिस्तानी	रेजिस्टानी
reja	रेजा	रेजा
reza	रेजा	रेजा
rate	रेट	रते
rate	रेत	रते
ret	रेत	रेत
refaeli	रेफेली	रेफाली
refeli	रेफेली	रिफली
reshe	रेशे	रेशे
reshey	रेशे	रेशे
race	रेस	रेस
rese	रेस	रेस
racer	रेसर	रेसर
recer	रेसर	रेसर
racing	रेसिंग	रैकिंग
reson	रेसों	रेसों
rehaana	रेहाना	रहाना
rehana	रेहाना	रहना
racketeer	रैकेटियर	रककेटर
racketier	रैकेटियर	रक्केटर
rectare	रैकेटियर	रेक्टर
radical	रैडिकल	राडिकल
raidical	रैडिकल	रेडिकल
raith	रैथ	रैथ
rapping	रैपिंग	रपपिंग
wrapping	रैपिंग	वृर्पिंग
robertsan	रॉबर्टसन	रोबर्ट्सन
robertson	रॉबर्टसन	रॉबर्टन
robinson	रॉबिंसन	रोबिंसन
royals	रॉयल्स	रोयल्स
rojlin	रोजलिन	रोजलीन
rozlyn	रोजलिन	रोजलीन
rotation	रोटेशन	रोटेशन
rodrigo	रोड्रिगो	रोडरिगो
ronaldo	रोनाल्डो	रोनाल्डो
ronit	रोनित	रोणित
roni	रोनी	रोनी
ropane	रोपने	रोपने
ropaney	रोपने	रोपने
ropne	रोपने	रोपने
robin	रोबिन	रोबीन
roya	रोया	रोया
rollers	रोलर्स	रोलर्स
rovan	रोवन	रोवन
rowan	रोवन	रोवन
rosario	रोसारियो	रोसरीयो
rosariyo	रोसारियो	रोसरियो
raubadaar	रौबदार	रौबादार
raubadar	रौबदार	रौबादार
raubdar	रौबदार	रौब्द
landara	लंगड़ा	लंदारा
langada	लंगड़ा	लंगड़ा
langda	लंगड़ा	लंगदा
langar	लंगर	लंगार
langaron	लंगरों	लंगारों
langron	लंगरों	लंग्रों
lambi	लंबी	लाबी
lakeer	लकीर	लकीर
lakir	लकीर	लकीर
lakiron	लकीरों	लकीरों
lakme	लक्मे	लकमे
lakshmidhar	लक्ष्मीधर	लक्ष्मीधार
lakshmighar	लक्ष्मीधर	लक्ष्मीघर
lakshy	लक्ष्य	लक्ष्य
lakshya	लक्ष्य	लक्ष्य
lakshyon	लक्ष्यों	लक्ष्यों
lux	लक्स	लफ
laksar	लक्सर	लक्सर
luxor	लक्सर	लफ्र
lakhkhi	लख्खी	लखखखी
lagna	लगना	लग्ना
laganewale	लगनेवाले	लगननेवाले
lagnevaaley	लगनेवाले	लग्नेवालीय
lagnewale	लगनेवाले	लग्नेवाले
lagega	लगेगा	लगेगा
lajjalu	लज्जालु	लाजजलु
latkate	लटकाते	लटकते
ladki	लड़की	लड़की
ladate	लड़ते	लड़ते
ladte	लड़ते	लड़ते
ladaai	लड़ाई	लड़ाई
ladai	लड़ाई	लड़ाई
ladaaiyon	लड़ाईयों	लड़ाएयों
ladaeyon	लड़ाईयों	लड़ाएं
ladaiyon	लड़ाईयों	लड़ियों
lapetane	लपेटने	लपेटने
lapetne	लपेटने	लपेटने
labada	लबादा	लबड़ा
lbada	लबादा	लबड़ा
labdh	लब्ध	लब्ध
lbdh	लब्ध	जिच्ध
lalak	ललक	लालक
lalkarata	ललकारता	लललराता
lalkarta	ललकारता	लालकर्ता
lalla	लल्ला	लाल
lavasa	लवासा	लवासा
lovasa	लवासा	लोवासा
lassi	लस्सी	लससी
lahanaa	लहना	लहना
lahna	लहना	लहना
lehna	लहना	लहना
lahraee	लहराई	लहराई
lahrai	लहराई	लहराई
lehrayi	लहराई	लहरायी
lahalhati	लहलहाती	लहलाहि
lahlahaati	लहलहाती	लहलहाती
lahlahati	लहलहाती	लहलाहि
lahsun	लहसुन	लहसून
lasoon	लहसुन	लसों
lanchar	लांचर	लांचार
launcher	लांचर	लौंचर
lycopene	लाइकोपिन	लाइकोपीन
lime	लाइम	लिम
lives	लाइव्स	लिव्स
live	लाईव	लिव
laegi	लाएगी	लाएगी
lagataar	लागातार	लगातार
lagatar	लागातार	लगातार
laata	लाता	लाता
lata	लाता	लटा
laati	लाती	लाती
lati	लाती	लती
layega	लायेगा	लायेगा
lalpur	लालपुर	लालपुर
las	लास्ट	लास
last	लास्ट	लस्त
lindbhed	लिंगभेद	लिंदभेद
lingbhed	लिंगभेद	लिंगिद
lindan	लिंडन	लिंदन
lindn	लिंडन	लिंडन
lindon	लिंडन	लिंडों
likhakar	लिखकर	लिखाकर
likhkar	लिखकर	लिखकर
ligar	लिगर	लिगर
liger	लिगर	लिगर
liberation	लिबरेशन	लिइरेशन
libration	लिबरेशन	लिइब्रेशन
liberation	लिब्रेशन	लिइरेशन
libration	लिब्रेशन	लिइब्रेशन
leaderon	लीडरों	लीडरन
leedaron	लीडरों	लीड़रों
lidaron	लीडरों	लिडररों
liidaron	लीडरों	लिडररों
louis	लुईस	लूउ
luis	लुईस	लुइस
ludhakate	लुढ़कते	लुढ़कते
ludhkate	लुढ़कते	लुढ़कते
lurhakate	लुढ़कते	लुराकते
lutf	लुत्फ	लूट
lumding	लुमडिंग	लुडडिंग
lootmaar	लूटमार	लूटमार
lootmar	लूटमार	लूटमर
landal	लेंडल	लंदल
lendal	लेंडल	लेंदल
lega	लेगा	लेगा
legaa	लेगा	लेगा
letakar	लेटकर	लेटकर
letkar	लेटकर	लेटर
lenevali	लेनेवाली	लेनेवाली
lenewali	लेनेवाली	लेनेवाली
label	लेबल	लेबेल
labeling	लेबलिंग	लैबेलिंग
labelling	लेबलिंग	लैबेलिंग
labelo	लेबलों	लाबेलो
labelon	लेबलों	लाबेलों
lebalon	लेबलों	लेबलों
lemon	लेमन	लेमन
laingadan	लैंगडन	लैंगड़न
langdon	लैंगडन	लंंगों
lengdan	लैंगडन	लेंडडन
laigikata	लैंगिकता	लाइजिकता
laingikta	लैंगिकता	लैंगिकता
lanset	लैंसेट	लैंसेट
lenset	लैंसेट	लेंसेट
lairi	लैरी	लैरी
lairy	लैरी	लैरी
larry	लैरी	लररी
lace	लैस	लेस
less	लैस	लेस
locket	लॉकेट	लोकेट
laundry	लॉन्ड्री	लौंद्री
longewal	लोंगोवाल	लोंगववल
longewala	लोंगोवाल	लोंगववाला
longoval	लोंगोवाल	लोंगवल
log	लोग	लोग
loge	लोगे	लोगे
lochdar	लोचदार	लोचड़र
lodi	लोदी	लोडी
laurence	लौरेंस	लॉरेंस
laurens	लौरेंस	लौरेंस
laurense	लौरेंस	लौरेंस
wonder	वंडर	वोंडर
vansh	वंश	वंश
vanshdhar	वंशधर	वंशधार
vanshavad	वंशवाद	वनशावाद
vanshvaad	वंशवाद	वनश्वाद
vanshvad	वंशवाद	वंश्वद
wanshwad	वंशवाद	वंश्वद
vajood	वजूद	वजूद
vajud	वजूद	वजूद
wajood	वजूद	वजूद
vadali	वडाली	वादली
vadli	वडाली	वा्ली
wadali	वडाली	वादली
vanita	वनिता	वानिता
vareinye	वरेण्य	वरीनी
varenya	वरेण्य	वरेन्य
varn	वर्ण	वर्न
varna	वर्ण	वर्ण
varnit	वर्णित	वर्नित
vartamaan	वर्तमान	वर्तमान
vartaman	वर्तमान	वर्तमान
vartmaan	वर्तमान	वर्तमान
vartman	वर्तमान	वर्तमान
varddhaman	वर्द्धमान	वर्द्धमान
vardhmaan	वर्द्धमान	वर्धमान
vardhman	वर्द्धमान	वर्धमान
verbal	वर्बल	वर्बल
varshan	वर्शन	वर्षण
vasharan	वर्शन	वशरण
vershan	वर्शन	वर्शन
version	वर्शन	वर्सियन
varsaache	वर्साचे	वर्साचे
varsaryache	वर्साचे	वर्सर्याची
vasearche	वर्साचे	वसीर्च
valkan	वल्कन	वाकन
valkkan	वल्कन	वाक्कन
velkan	वल्कन	वेलकन
vash	वश	वश
vashikaran	वशीकरण	वशीकरण
vaangchuk	वांगचुक	वांगुकुक
vangchuk	वांगचुक	वंगचूक
wangchuk	वांगचुक	वंगचूक
want	वांट	वांत
vije	वाइज	वाइज
vise	वाइज	विस
wise	वाइज	विसे
vatar	वाटर	वातर
water	वाटर	वेटर
watson	वाटसन	वत्सन
wattson	वाटसन	वाट्टन
vaan	वाण	वान
waan	वाण	वान
vaanon	वाणों	वानों
vanon	वाणों	वनों
wanon	वाणों	वनों
vatanukulan	वातानुकूलन	वतनुकुलन
watanukoollan	वातानुकूलन	वतनुकोल्लान
vaadak	वादक	वादक
vadak	वादक	वादक
vaadiyon	वादियों	वादियों
vadiyon	वादियों	वादियों
wadiyon	वादियों	वादियों
vayana	वायना	वायना
vayna	वायना	वायना
wayna	वायना	वायना
wireless	वायरलेस	विरलल्स
wirerless	वायरलेस	वियरलेस
warrior	वारियर्स	वररियर
warriors	वारियर्स	वररियर्स
valve	वाल्व	वाल्व
wolv	वाल्व	वोल्व
vastavik	वास्तविक	वास्तविक
vastvik	वास्तविक	वास्तविक
vaahikayen	वाहिकाएं	वहिकाएं
vahikayen	वाहिकाएं	वहिकाएं
wahikayan	वाहिकाएं	वहिकान
winter	विंटर	विंटर
vincent	विंसेंट	विंसेंट
vikalpon	विकल्पों	विकल्पों
wicket	विकेट	विकेट
vikramjeet	विक्रमजीत	विकृरमजीत
vikramjit	विक्रमजीत	विक्रममित
vichaarakon	विचारकों	विचाराकों
vicharakon	विचारकों	विचारकों
vigyan	विज्ञान	विग्ञान
vigyaani	विज्ञानी	विज्ञानी
vigyani	विज्ञानी	विज्ञानी
vigyaanon	विज्ञानों	विज्ञानों
vigyanon	विज्ञानों	विग्ञानों
vitthal	विट्ठल	वित्ाल
viththal	विठ्ठल	विथ्ाल
vitthal	विठ्ठल	वित्ाल
vitark	वितर्क	वितर्क
vidhaaein	विद्याएं	विधाएं
vidyaayein	विद्याएं	विद्यायं
vidyaen	विद्याएं	विद्याएं
vidhaaon	विद्याओं	विधाओं
vidyaaon	विद्याओं	विद्याओं
vidyaon	विद्याओं	विद्याओं
vidhansabhaein	विधानसभाएं	विधानसभाएं
vidhansabhaen	विधानसभाएं	विधानसभाएं
vidhivat	विधिवत	विधिवत
vidhut	विधुत	विधुत
vinasht	विनष्ट	विनाष्ट
vineet	विनीत	विनीत
vinit	विनीत	विनित
vipreetataa	विपरीतता	विप्रेतता
vipritata	विपरीतता	विप्रितता
vipra	विप्रा	विप्र
vipro	विप्रो	विप्रो
wipro	विप्रो	विप्रो
vibha	विभा	विभा
vibhajak	विभाजक	विभागक
vibhram	विभ्रम	विभरम
vibhrm	विभ्रम	विभर्म
vibram	विभ्रम	विब्राम
vimarsh	विमर्श	विमार्श
vimarsho	विमर्शों	विमर्शो
vimarshon	विमर्शों	विमर्शों
virajati	विराजती	विराजती
virechan	विरेचन	विर्चन
virodh	विरोध	विरोध
virodhabhasi	विरोधाभासी	विरोधभासी
virodhabhason	विरोधाभासों	विरोधभासों
vividh	विविध	विविध
vivekahin	विवेकहीन	विवेकाहीन
vivekheen	विवेकहीन	विवेहन
visheshan	विशेषण	विषेषण
visheshanon	विशेषणों	विशेषणों
visheshaadhikaar	विशेषाधिकार	विशेषाधिकार
visheshadhikar	विशेषाधिकार	विशेषाधिकार
vishwasaniy	विश्वसनीय	विश्वासनीय
vishwasniiya	विश्वसनीय	विश्वस्निय
vishwasaniyata	विश्वसनीयता	विश्वासनियता
vishwasniiyataa	विश्वसनीयता	विश्वस्नियता
vishahin	विषहीन	विषाहीन
vishhin	विषहीन	विषिन
vishanu	विष्णु	विषाणु
vishnu	विष्णु	विष्णु
vlc	वीएलसी	एसएीसी
weeks	वीक्स	वीक्स
veerchand	वीरचंद	वीरचंद
virchand	वीरचंद	वृचंद
veeresh	वीरेश	वीरेश
viresh	वीरेश	विरेश
vritton	वृत्तों	वृत्तों
vruton	वृत्तों	वृतों
vrutton	वृत्तों	वृत्तों
venkataraman	वेंकटरमन	वेंकटरमण
venkatraman	वेंकटरमन	वेंकरामन
ved	वेड	वेड
wade	वेड	वेड
wed	वेड	वेड
wedding	वेडिंग	वेडडिंग
vediyon	वेदियों	वेदियों
vedon	वेदों	वेदों
venezuela	वेनेजुएला	वेनेजुला
veronica	वेरोनिका	वररिनिका
veronika	वेरोनिका	वरोनिका
weronika	वेरोनिका	वरोनिका
velvet	वेलवेट	वेलवेट
welwet	वेलवेट	वेलवेट
welder	वेल्डर	वेल्डर
weldor	वेल्डर	वेल्डर
welding	वेल्डिंग	वेल्डिंग
wealth	वेल्थ	वील्थ
vellur	वेल्लूर	वेलर
velur	वेल्लूर	वेलर
vesh	वेश	वेश
wasting	वेस्टिंग	वास्टिंग
westing	वेस्टिंग	वेस्टिंग
wastinghouse	वेस्टिंगहाउस	वास्तिंघोस
westinghouse	वेस्टिंगहाउस	वेस्टीघोस
vaisley	वेस्ले	वैसले
vesle	वेस्ले	वेस
wesle	वेस्ले	वेस
vaigyaanik	वैज्ञानिक	वैग्यानिक
vaigyanik	वैज्ञानिक	वैग्यनिक
vegyanik	वैज्ञानिक	वेग्यनिक
vaigyaanikta	वैज्ञानिकता	वैग्यानिकता
vaigyanikata	वैज्ञानिकता	वैग्ञानिकता
vaigyanikta	वैज्ञानिकता	वैग्ञानिकता
vaitravati	वैत्रवती	वैत्रववती
vaitrawati	वैत्रवती	वैत्रावती
vaimanasy	वैमनस्य	वैमानसी
vaimanasya	वैमनस्य	वैमानसीय
vaimanya	वैमनस्य	वैमान्य
very	वैरी	वेरी
vaisaakh	वैशाख	वैसाख
vaishakh	वैशाख	वैशकख
vaishaakhi	वैशाखी	वैशाखी
vaishakhi	वैशाखी	वैशाखी
vaishnodevi	वैष्णोदेवी	वैशनोद्वी
vyaktigat	व्यक्तिगत	व्यक्तिगत
vyagr	व्यग्र	व्याग्र
vyagra	व्यग्र	व्याग्र
vyatit	व्यतीत	व्यतित
vytit	व्यतीत	व्यतित
vyabhichar	व्यभिचार	व्यभिचार
vyabhichari	व्यभिचार	व्यभिष्री
vyavadhan	व्यवधान	व्यववान
vyavdhan	व्यवधान	व्यवधान
vyavahargat	व्यवहारगत	व्यवहार्गत
vyvhargat	व्यवहारगत	व्यवा्रगत
vyaghat	व्याघात	व्याघात
vyapak	व्यापक	व्यापक
vlad	व्लाद	व्लेड
wlaad	व्लाद	व्लाद
vladimir	व्लादिमीर	व्लादिमीर
shanghai	शंघाई	शंघाई
shatpath	शतपथ	शत्थ
shanivar	शनिवार	शानिवार
shaniwar	शनिवार	शानिवार
shabana	शबाना	शबाना
shbana	शबाना	शबना
shabdarth	शब्दार्थ	शब्दार्थ
shamadan	शमादान	शमाान
shmadan	शमादान	शमदान
shamitabh	शमिताभ	शमीताभ
shamil	शमिल	शमील
shmil	शमिल	श्मिल
sharabon	शराबों	शराबों
shrabon	शराबों	श्राबों
shararat	शरारत	शरारत
shrart	शरारत	श्रार्त
sharmana	शर्माना	शर्मना
shaharwasiyon	शहरवासियों	शहरवासियों
shahrvasiyon	शहरवासियों	शहरवासियों
shervasiyon	शहरवासियों	शर्वसियों
shahdara	शहादरा	शहदारा
shaantikaal	शांतिकाल	शांतिकाल
shantikal	शांतिकाल	शांतिकाल
shaao	शाओ	शाओ
shao	शाओ	शाओ
shaakir	शाकिर	शाकिर
shakir	शाकिर	शकीर
shaakhaaen	शाखाएं	शाखाएं
shakhayan	शाखाएं	शखायां
shakhayen	शाखाएं	शखाएं
shayak	शायक	शययक
shaavakon	शावकों	शावकों
shavakon	शावकों	शववकों
shavkon	शावकों	शववकों
shaasaka	शासक	शासाका
shasak	शासक	शाक
sasakon	शासकों	ससकों
shaasakon	शासकों	शासकों
shasakon	शासकों	शासकों
shipra	शिप्रा	शिप्र
shirke	शिर्के	शिरके
sheershakon	शीर्षकों	शीर्षकों
shirshakon	शीर्षकों	शिर्षकों
shirshkon	शीर्षकों	शिर्षकों
shujaat	शुजात	शुजात
shujat	शुजात	शुजत
shooting	शुटिंग	शूटिंग
shutting	शुटिंग	शूटिंग
should	शुड	शूल्द
shud	शुड	शूद
shubhankar	शुभंकर	शुभंकर
shumaali	शुमाली	शूमाली
shumali	शुमाली	शूमाली
shringaar	शृंगार	श्रृंगार
shringar	शृंगार	श्रृंगर
shrungar	शृंगार	श्रंगर
sheling	शेलिंग	शेलिंग
shelling	शेलिंग	शेलिंग
shaili	शैली	शैली
shaly	शैली	शा्य
sheli	शैली	शेली
shaishav	शैशव	शैषव
sean	शॉन	सीन
shaun	शॉन	शौन
shawn	शॉन	शवन
short	शोर्ट	शोर्ट
sure	श्योर	सुरे
shrankhala	श्रंखला	श्रांखला
shrankhalaa	श्रंखला	श्रांखला
shrunkhla	श्रंखला	श्रृंखला
shrankhalaaon	श्रंखलाओं	श्रांखलाओं
shrinkhalaon	श्रंखलाओं	श्रृंखलाओं
shrunkhlaon	श्रंखलाओं	श्रृंखलाओं
shravani	श्रावणी	श्रवाणी
shrikar	श्रीकर	श्रीकर
shrikhand	श्रीखंड	श्रीखंद
shrimati	श्रीमति	श्रीमती
shriram	श्रीराम	श्रीरम
sriram	श्रीराम	श्रीरम
shrotaon	श्रोताओं	श्रोताओं
shat	षट्	शत
sankhyaein	संख्याएं	संख्याएं
sankhyaen	संख्याएं	संख्याएं
sankhyayen	संख्याएं	संख्याएं
sanghanit	संघनित	संघानित
sanghnit	संघनित	संघनीत
sanchayan	संचयन	संचायन
sanchar	संचार	संचार
sanchaari	संचारी	संचारी
sanchari	संचारी	संचारी
sanchalanon	संचालनों	संचालनों
sanchalnon	संचालनों	संचलनों
sanjay	संजय	संजय
sanjeevan	संजीवन	संजीवन
sanjivan	संजीवन	संजीवन
santati	संतति	संतती
sandarbh	संदर्भ	संदर्भ
sandarbha	संदर्भ	संदर्भा
sandrbh	संदर्भ	संद्रभ
sandarbhon	संदर्भों	संदर्भों
sandrbhon	संदर्भों	संद्रभों
sandali	संदली	संदली
sandli	संदली	संदली
sandhan	संधान	संधन
samprati	संप्रति	संप्रति
samprti	संप्रति	संप्रति
samprabhu	संप्रभु	संप्रभू
samprbhu	संप्रभु	संप्रभू
samprabhuta	संप्रभुता	संप्रभूता
samprbhuta	संप्रभुता	संप्रभूता
sambit	संबित	संबित
sambhalane	संभालने	संभालने
sambhalne	संभालने	संभालने
sambhrant	संभ्रांत	संभरणंत
sanbharnt	संभ्रांत	संभारण
sanyog	संयुक्त	सं्योग
sanyukt	संयुक्त	संयुक्त
sanyukta	संयुक्त	संयुक्त
sanyukta	संयुक्ता	संयुक्त
sanyogvash	संयोगवश	संयोगवाश
sanyojan	संयोजन	संयोजन
sanyojanon	संयोजनों	संयोजनों
sanyojnon	संयोजनों	संयोजनों
samvedikaran	संवेदीकरण	संवेदिकरण
sanvedikaran	संवेदीकरण	संवेदिकरण
samshayon	संशयों	समशायों
sanshayon	संशयों	संशायों
sanshyon	संशयों	संश्यों
sanskaar	संस्कार	संस्कार
sanskar	संस्कार	संस्कर
sanskaari	संस्कारी	संस्कारी
sanskari	संस्कारी	संस्करी
sanskrit	संस्कृत	संस्कृत
sanskurt	संस्कृत	संस्ुर्त
sanskritiyan	संस्कृतियां	संस्कृतियां
sanskrutiyan	संस्कृतियां	संस्कृतियां
sanskritiyon	संस्कृतियों	संस्कृतियों
sanskrutiyon	संस्कृतियों	संस्कृतियों
sanasthit	संस्थित	संस्थित
sansthit	संस्थित	संस्थित
sanasthita	संस्थिता	संस्थिता
sansthita	संस्थिता	संस्थिता
sakara	सकरा	सकरा
sakra	सकरा	सकरा
sakshan	सक्शन	सक्षण
suction	सक्शन	सूक्शन
sacchidanand	सच्चिदानंद	सच्चिदंद
sachhidanand	सच्चिदानंद	सचचिदानंद
sachidanand	सच्चिदानंद	सचिदानंद
sajja	सज्जा	सजजा
sat	सत	सत
satpal	सतपाल	सत्पाल
satluj	सतलुज	सत्ुज
sataane	सताने	सताने
satane	सताने	सतने
sate	सते	सते
satti	सत्ती	सत्ती
satvat	सत्वत	सत्वत
sadanand	सदानंद	सदानंद
sapane	सपने	सपने
sapne	सपने	सपने
sapney	सपने	सपने
saparivaar	सपरिवार	सपरिवार
sapariwar	सपरिवार	सपरिवार
sparivar	सपरिवार	स्परिवार
sapaat	सपाट	सपात
sapat	सपाट	सपत
sapate	सपाटे	सपते
sapatey	सपाटे	सपते
saptakranti	सप्तक्रांति	सप्तक्रणति
saptkraanti	सप्तक्रांति	सप्तकृांति
saptapadi	सप्तपदी	सप्तपादी
saptpadi	सप्तपदी	सप्तपादी
saptari	सप्तरी	सप्तरी
sapramaan	सप्रमाण	सप्रमान
sapraman	सप्रमाण	सप्रमण
submit	सबमिट	सबमित
sabmission	सबमिशन	सबमिसियन
submission	सबमिशन	सब्मिशन
sabhaein	सभाएं	सभाएं
sabhaen	सभाएं	सभाएं
sabhayen	सभाएं	सभाएं
sabhen	सभाएं	सभें
sabhasadon	सभासदों	सभासादों
sabhyata	सभ्यता	सभ्यता
samjhoonga	समझूंगा	समझोंगा
samjhunga	समझूंगा	समझुनगा
samjhungaa	समझूंगा	समझुनगा
saman	समन	समान
samanvayaka	समन्वयक	समानवायका
samanwayaka	समन्वयक	समानवायका
samnvyak	समन्वयक	समन्व्यक
samaadhaan	समाधान	समाधान
samadhan	समाधान	समाधन
samadhiyon	समाधियों	समाधियों
samadjiyon	समाधियों	समादजियों
samalakha	समालखा	समलाखा
samalakhaa	समालखा	समलाखा
samahaar	समाहार	समाहार
samahar	समाहार	समहार
samitiyan	समितियां	समीतियां
sametati	समेटती	समीतती
sametti	समेटती	समेटी
sarka	सरका	सर्का
sarkaa	सरका	सरका
sarkarein	सरकारें	सरकरें
sarkaren	सरकारें	सरकरें
sarkaaron	सरकारों	सरकारों
sarkaron	सरकारों	सर्कारों
sargana	सरगना	सर्गना
sarganaon	सरगनाओं	सरगानाओं
sargi	सरगी	सर्गी
sarguja	सरगुजा	सरगुजा
sarjuga	सरगुजा	सर्जगा
sarsa	सरसा	सर्सा
sarsaa	सरसा	सर्सा
sarahind	सरहिंद	सरहिंद
sarhind	सरहिंद	सरहिंद
sirhind	सरहिंद	सिरिंद
saraaha	सराहा	सराहा
saraha	सराहा	सराहा
saraahi	सराही	सराही
sarahi	सराही	सराही
salaahkar	सलाहकार	सलाहकर
salahkaar	सलाहकार	सलाहकार
salahkar	सलाहकार	सलाहकर
saleeb	सलीब	सलीब
salib	सलीब	सालिब
select	सलेक्ट	सेलेक्ट
saltanat	सल्तनत	सल्टानत
saltnat	सल्तनत	साल्टात
savaal	सवाल	सवाल
saval	सवाल	सवाल
sawaal	सवाल	सवाल
sawal	सवाल	सवाल
sahakalaakar	सहकलाकार	सहकालार
sahakalakar	सहकलाकार	सहकालकर
sahkalakar	सहकलाकार	सहकालकर
sahadev	सहदेव	सहादेव
sahdev	सहदेव	सहदेव
sahrawat	सहरावत	सहरावत
sherawat	सहरावत	शेरावत
sahooliyata	सहूलियत	सहूलियता
sahuliyat	सहूलियत	सहुलियत
sahuuliyata	सहूलियत	सहुलियता
saanketika	सांकेतिक	सांकेतिका
sanketik	सांकेतिक	संकेटिक
saimans	साइमंस	सैमांस
simmons	साइमंस	सिममंस
symons	साइमंस	स्मोंस
saima	साइमा	सैमा
sagarika	सागरिका	सगरिका
sagrika	सागरिका	सग्रिका
saga	सागा	सागा
saajan	साजन	साजन
sajan	साजन	सजन
saajsajja	साजसज्जा	साजसाजज
sajsajja	साजसज्जा	सजसाजज
saja	साजा	सजा
saathsaath	साथसाथ	साठसाथ
sathsath	साथसाथ	सथस्थ
sathiya	साथिया	सथिया
saabah	साबाह	साबह
sabah	साबाह	सबाह
samanjasy	सामंजस्य	समानजजि
samanjasya	सामंजस्य	समानजजिया
samoa	सामोआ	समो
samoaa	सामोआ	समूआ
saayn	सायं	सायन
sayan	सायं	सायन
saym	सायं	सायम
saira	सायरा	सैरा
sayara	सायरा	साया
sayra	सायरा	सारा
salve	साल्वे	सालवे
sahab	साहब	सहाब
singapore	सिंगापुर	सिंगपुर
singaar	सिंगार	सिंगार
singar	सिंगार	सिंगार
singer	सिंगार	सिंगर
singhaadey	सिंघाड़े	सिंहाड़ी
singhade	सिंघाड़े	सिंहड़े
singhde	सिंघाड़े	सिंहड़े
singhre	सिंघाड़े	सिंहरे
singhi	सिंघी	सिंही
singha	सिंहा	सिंहा
sinha	सिंहा	सिन्हा
siera	सिएरा	सीरा
sierra	सिएरा	सीररा
sikud	सिकुड़	सिकुड़
signals	सिगनल्स	सिगनल्स
cigaretton	सिगरेटों	सिगारेटन
cigretton	सिगरेटों	सिग्रेटों
siddhivat	सिद्धवट	सिद्धिवत
siddhvat	सिद्धवट	सिद्धवत
siddhwat	सिद्धवट	सिद्धवत
sinabang	सिनाबंग	सिनाबंग
synapse	सिनेप्स	सिनापस
sipah	सिपाह	सिपह
sipaha	सिपाह	सिपहा
sipahiyon	सिपाहियों	सिपहियों
sipahi	सिपाही	सिपही
sim	सिम	सिम
simat	सिमट	सिमत
simatataa	सिमटता	सिमातता
simatta	सिमटता	सिमातता
simtata	सिमटता	सिमतता
simtataa	सिमटता	सिमताा
cement	सिमटे	सेमेंट
simate	सिमटे	सिमते
simi	सिमी	सिमी
simmy	सिमी	सिम्मी
sims	सिम्स	सिम्स
siyasi	सियासी	सियासी
siyah	सियाह	सियाह
siyaha	सियाह	सियाहा
sirpur	सिरपुर	सिरपुर
sivan	सिवान	सिवान
siwan	सिवान	सिवान
sisva	सिसवा	सिस्व
siswa	सिसवा	सिसवा
cil	सीआईएल	सीएल
csi	सीएसआई	सीएी
sikar	सीकर	सिकर
seaten	सीटें	सीतें
sitaram	सीताराम	सितरम
sitaharan	सीताहरण	सितहरन
cpm	सीपीएम	सीपीएम
cps	सीपीएस	सीपीएस
cbse	सीबीएसई	सीबीएस
seem	सीम	सीम
sim	सीम	सिम
sealed	सील्ड	सीली
shield	सील्ड	शिल्ड
ccd	सीसीडी	सीसीडी
sugamata	सुगमता	सुगमता
sugmta	सुगमता	सुग्मता
sujan	सुजेन	सुजन
sujen	सुजेन	सुजें
suken	सुजेन	सूकेन
sujain	सुजैन	सुजाएं
sujhaati	सुझाती	सुझाती
sujhati	सुझाती	सुझाती
sutali	सुतली	सूतली
sutli	सुतली	सूतली
suta	सुता	सूता
sdueep	सुदीप	स्वीप
sudip	सुदीप	सुदिप
sudhaargrah	सुधारगृह	सुधारग्रह
sudhargrih	सुधारगृह	सुधारगढ़
sudhargruh	सुधारगृह	सुधारगढ़
sunaaron	सुनारों	सुनारों
sunaron	सुनारों	सुनारों
sunaseer	सुनासीर	सुनसीर
sunasir	सुनासीर	सुनसीर
suneeti	सुनीति	सुनेती
suniti	सुनीति	सुनिति
sunega	सुनेगा	सुनेगा
suneyga	सुनेगा	सुनेग
superhit	सुपरहिट	सुपरिित
supachy	सुपाच्य	सुपच्य
supachya	सुपाच्य	सुपच्य
supachye	सुपाच्य	सुपचीय
subhaay	सुभाय	सुभाय
subhay	सुभाय	सुभाय
surveen	सुरवीन	सुर्वेन
survin	सुरवीन	सूर्विन
surana	सुराणा	सुराना
sulkhan	सुलखान	सुलखान
suljaayi	सुलझाई	सुलझाई
suljayi	सुलझाई	सुलझाई
suljhai	सुलझाई	सुलझाई
sulzai	सुलझाई	सुलझाई
sultana	सुलताना	सूलताना
sulaati	सुलाती	सुलाती
sulati	सुलाती	सुलती
susanskrit	सुसंस्कृत	सुसंसकृत
susanskrut	सुसंस्कृत	सुसंसकृत
suhagin	सुहागिन	सुहागीन
soond	सूंड़	सूंद
sund	सूंड़	सुंद
suiyan	सूइयां	सुयान
sukhati	सूखती	सूखती
sukhti	सूखती	सूखती
sukhakar	सूखाकर	सुखाकार
soochak	सूचक	सूचक
suchak	सूचक	सूचक
sooja	सूजा	सूजा
suja	सूजा	सुजा
suba	सूबा	सुबा
sube	सूबे	सुबे
sooraj	सूरज	सूरज
suraj	सूरज	सुराज
surinaam	सूरीनाम	सुरिनाम
surinama	सूरीनाम	सुरिनामा
suriname	सूरीनाम	सुरिनाम
suryadev	सूर्यदेव	सुर्यदेव
sendha	सेंधा	सेंधा
senvai	सेंवई	सेनवाई
sevai	सेंवई	सेवाई
sensing	सेंसिंग	सेंसिंग
sexual	सेक्सुअल	सेक्सल
saturday	सेटरडे	सतुरदाय
seti	सेटी	सेती
seto	सेटो	सेतो
seth	सेथ	सेथ
safety	सेफ्टी	सफेती
semen	सेमिन	सेमन
semin	सेमिन	सेमिन
self	सेल्फ	सेल्फ
selfie	सेल्फी	सेलफी
save	सेव	सवे
sev	सेव	सेव
sevakon	सेवकों	सेवकों
sevkon	सेवकों	सेवकों
samuels	सैम्युल्स	समुल्स
celery	सैलरी	सेलरी
salary	सैलरी	सलार्य
sakar	सॉकर	सकर
socar	सॉकर	सोकर
soccer	सॉकर	सोकर
songs	सॉन्ग्स	सोंग्स
solicitor	सॉलिसिटर	सोलिसिटर
sochane	सोचने	सोचने
sochne	सोचने	सोचने
sonu	सोनू	सोनू
soma	सोमा	सोमा
spma	सोमा	स्प्मा
somi	सोमी	सोमी
soy	सोय	सोय
soya	सोया	सोया
solitaire	सोलिटेयर	सोलीतायर
soharai	सोहराई	सोहराई
sohrai	सोहराई	सोहराई
sohaval	सोहावल	सोहावल
sohawal	सोहावल	सोहावल
saunpane	सौंपने	सौनपने
sonpne	सौंपने	सोंपने
scala	स्काला	स्कलला
skala	स्काला	स्कला
ski	स्की	सीकी
scootaron	स्कूटरों	स्कोटरों
scooteron	स्कूटरों	स्कोरों
skootaron	स्कूटरों	स्कोटरों
scandinavia	स्कैंडिनेविया	स्कनंडिनवीया
scaining	स्कैनिंग	स्कानिंग
scanning	स्कैनिंग	स्कानिंग
squash	स्क्वाश	स्क्षा
squash	स्क्वैश	स्क्षा
skhalan	स्खलन	स्खलन
stain	स्टैन	स्तैन
stan	स्टैन	स्टन
stop	स्टॉप	स्टूप
stops	स्टॉप्स	स्टॉप्स
stone	स्टोन	स्टोन
straws	स्ट्रास	स्ट्रे
stress	स्ट्रास	स्ट्रेस
stra	स्ट्रे	स्ट्रा
stray	स्ट्रे	स्त्रय
stre	स्ट्रे	स्ट्र
strocks	स्ट्रोक्स	स्ट्रोक्स
strokes	स्ट्रोक्स	स्ट्रोक्स
stan	स्तन	स्टन
stanadhari	स्तनधारी	स्तनाधारी
standhaari	स्तनधारी	स्तंधारी
standhari	स्तनधारी	स्तंधारी
sthiti	स्तिथि	स्थिति
stithi	स्तिथि	स्थि
stuti	स्तुति	स्तूति
sthitiyaan	स्थितियां	स्थितियां
sthitiyan	स्थितियां	स्थितियां
sthitiyon	स्थितियों	स्थितियों
sthool	स्थूल	स्थल
sthul	स्थूल	स्थल
sthoolta	स्थूलता	स्थललता
sthulata	स्थूलता	स्थलाता
sneakers	स्नीकर्स	स्नेकर्स
snickers	स्नीकर्स	सिनिकर्स
snikarse	स्नीकर्स	स्नीकर्स
spear	स्पीयर	स्पीयर
spell	स्पेल	स्पेल
spelar	स्पेलर	स्पेलर
speller	स्पेलर	स्पीलर
sprint	स्प्रिट	स्प्रिंट
sprit	स्प्रिट	स्प्रित
spray	स्प्रे	स्प्रय
spry	स्प्रे	स्प्री
sfoorti	स्फूर्ति	स्फोर्ती
sfurti	स्फूर्ति	स्र्ती
sphoorti	स्फूर्ति	स्पूर्ति
slide	स्लाइड	स्लीड
slider	स्लाइडर	स्लीडर
slaaidon	स्लाइडों	स्लाईडन
slidon	स्लाइडों	स्लीडों
sliders	स्लाइड्स	स्लीडर्स
slides	स्लाइड्स	स्लीड
slice	स्लाइस	स्लिस
slash	स्लैश	स्लाश
swaroopon	स्वरुपों	स्वरोपों
swarupon	स्वरुपों	स्वरूपों
swa	स्वा	स्वा
swaachaalit	स्वाचालित	स्वााचालित
swachalit	स्वाचालित	स्वचालित
swaarthparak	स्वार्थपरक	स्वार्थपारक
swarthparak	स्वार्थपरक	स्वर्थपारक
swiftlate	स्विफ्टलेट	स्वीफलेट
swiftlet	स्विफ्टलेट	स्वीटलेट
sweekarte	स्वीकारते	स्वीकर्त
swikarte	स्वीकारते	स्वीकर्ते
sweet	स्वीट	स्वीत
sweep	स्वीप	स्वीप
sweccha	स्वेच्छा	स्वेच्छा
swecha	स्वेच्छा	स्वेचा
swechha	स्वेच्छा	स्वेचा
sweta	स्वेता	स्वेता
swap	स्वैप	स्वप
swipe	स्वैप	स्वि
handiya	हंडिया	हंदिया
handiyaa	हंडिया	हंदिया
hundiya	हंडिया	हुंदिया
hakikat	हकीकत	हकीकत
haqeeqat	हकीकत	हकीकत
hathiya	हथिया	हथिया
hamala	हमला	हमला
hamla	हमला	हमला
hamalavar	हमलावर	हमलावर
hamlavar	हमलावर	हमलावर
humlavar	हमलावर	हमलावर
hamaal	हमाल	हमाल
hamal	हमाल	हमल
hercules	हरक्यूलिस	हर्कलल्स
hardas	हरदास	हरदास
harpaal	हरपाल	हरपाल
harpal	हरपाल	हरपाल
harvansh	हरवंश	हरवांश
haraval	हरावल	हरावल
harawal	हरावल	हरावल
hurricane	हरिकेन	हररिकनन
harijan	हरिजन	हरिजन
hariyali	हरियाली	हरियाली
harshit	हर्षित	हर्शित
haldi	हल्दी	हल्दी
halla	हल्ला	हल्ला
hawamahal	हवामहल	हवााहल
hawalaat	हवालात	हवालत
hawalat	हवालात	हवालत
hasino	हसीनों	हासिनो
hasinon	हसीनों	हसीनों
haan	हां	हान
han	हां	हान
haanfte	हांफते	हानफते
hafate	हांफते	हफाते
hanfte	हांफते	हंफटे
higman	हाइमन	हाइमन
hymen	हाइमन	ह्मेन
hadauti	हाड़ौती	हडौती
haani	हानी	हानी
hani	हानी	हानी
haarjeet	हारजीत	हारजीत
harjeet	हारजीत	हरजीत
haaranaa	हारना	हारना
harana	हारना	हरना
harna	हारना	हरना
haalchaal	हालचाल	हालचाल
haalchal	हालचाल	हालचल
halchaal	हालचाल	हलचाल
halchal	हालचाल	हल्चल
halt	हाल्ट	हल्ट
hault	हाल्ट	हाल्ट
hahakar	हाहाकार	हहकर
hingis	हिंगिस	हिंगिस
hindan	हिंडन	हिंदन
hindon	हिंडन	हिंदों
hijada	हिजड़ा	हिजाड़ा
hijda	हिजड़ा	हिजड़ा
hijbul	हिजबुल	हिजबूल
hippo	हिप्पो	हिप्पो
hippopotamus	हिप्पोपोटेमस	हिपोपोटेम
himali	हिमाली	हिमाली
hilane	हिलने	हिलने
hilne	हिलने	हिलने
hisham	हिशाम	हिशम
heeraganj	हीरागंज	हीराजज
hiraganj	हीरागंज	हिरागज
heroes	हीरोज	हेरोस
heros	हीरोज	हेरोस
hui	हुईं	हुई
huin	हुईं	हून
hooper	हूपर	होपर
huppar	हूपर	हंपर
hupper	हूपर	हंपर
hegde	हेगडे	हेग्ड
hemvati	हेमवती	हेमवती
hemwati	हेमवती	हेमवती
help	हेल्प	हेल
helper	हेल्पर	हेल्र
haito	हैतो	हैतो
hairam	हैरम	हैरम
harem	हैरम	हरेम
herald	हैराल्ड	हेरल्ड
haive	हैव	हैवे
have	हैव	हवे
hong	हॉन्ग	होंग
half	हॉफ	हल्फ
hoaf	हॉफ	होफ
hounga	होऊंगा	हूंगा
holding	होल्डिंग	होल्डिंग
hoshangabaad	होशंगाबाद	होशनगाबाद
hoshangabad	होशंगाबाद	होशनगाबाद
hostes	होस्टेस	होस्टेस
hostess	होस्टेस	होस्टेस
